"file","source_url","found_on"
"cropped-icon.png","https://watillery.com/wp-content/uploads/2025/07/cropped-icon.png","https://watillery.com/ | https://watillery.com/about/ | https://watillery.com/products/ | https://watillery.com/contact/ | https://watillery.com/blog/ | https://watillery.com/privacy-policy/ | https://watillery.com/shipping-policy/ | https://watillery.com/refund-returns/ | https://watillery.com/shop/ | https://watillery.com/product/interstellar-blazing-sword/ | https://watillery.com/product/gel-pellet-shooting-glock/ | https://watillery.com/product/motion-running-toy/ | https://watillery.com/product/hovering-submarine/ | https://watillery.com/product/manta-rays/ | https://watillery.com/product/dynamic-submarine/ | https://watillery.com/product/diy-balloon-set/ | https://watillery.com/product/all-terrain-gel-pellet-shooting-tank/ | https://watillery.com/product/water-spouting-whale/ | https://watillery.com/product/yacht-space-water-gun/ | https://watillery.com/product/water-bubble-combo-gun/ | https://watillery.com/product/s56-elite-handgun/ | https://watillery.com/product/mini-red-m416/ | https://watillery.com/product/m416-automatic-water-gun/ | https://watillery.com/product/p90-elite-high-powered-water-gun-with-built-in-dropline/ | https://watillery.com/product/water-leopard-next-gen/ | https://watillery.com/product/futuristic-long-gun/ | https://watillery.com/product/the-flood-dragon-folding-gun/ | https://watillery.com/product/tec9-electronic-water-gun/ | https://watillery.com/product/handheld-superior-water-gun-with-digital-display/ | https://watillery.com/product/water-leopard/ | https://watillery.com/product/uzi-with-misting-feature-and-backpack-drop-line-extension-pack/ | https://watillery.com/product/water-leopard-gatling/ | https://watillery.com/product/uzi-with-misting-feature/ | https://watillery.com/product/ump45-automatic-water-gun/ | https://watillery.com/product/twin-hand-water-gun-set/ | https://watillery.com/product/t13-viral-water-guns/ | https://watillery.com/product/single-barrel-gatling-with-misting-kit/ | https://watillery.com/product/shark-mkx-pulse-electric-water-gun-with-lights/ | https://watillery.com/product/ready-to-launch-water-gun/ | https://watillery.com/product/mk3-assult-rifle/ | https://watillery.com/product/mini-glock-gun/ | https://watillery.com/product/double-barrel-gatling-gun/ | https://watillery.com/product/desert-eagle-water-handgun/ | https://watillery.com/product/6-wheeled-mars-discover-rover-gel-pellet-shooting-version/"
"logo.png","https://watillery.com/wp-content/uploads/2025/07/logo.png","https://watillery.com/ | https://watillery.com/about/ | https://watillery.com/products/ | https://watillery.com/contact/ | https://watillery.com/blog/ | https://watillery.com/privacy-policy/ | https://watillery.com/shipping-policy/ | https://watillery.com/refund-returns/ | https://watillery.com/shop/ | https://watillery.com/product/interstellar-blazing-sword/ | https://watillery.com/product/gel-pellet-shooting-glock/ | https://watillery.com/product/motion-running-toy/ | https://watillery.com/product/hovering-submarine/ | https://watillery.com/product/manta-rays/ | https://watillery.com/product/dynamic-submarine/ | https://watillery.com/product/diy-balloon-set/ | https://watillery.com/product/all-terrain-gel-pellet-shooting-tank/ | https://watillery.com/product/water-spouting-whale/ | https://watillery.com/product/yacht-space-water-gun/ | https://watillery.com/product/water-bubble-combo-gun/ | https://watillery.com/product/s56-elite-handgun/ | https://watillery.com/product/mini-red-m416/ | https://watillery.com/product/m416-automatic-water-gun/ | https://watillery.com/product/p90-elite-high-powered-water-gun-with-built-in-dropline/ | https://watillery.com/product/water-leopard-next-gen/ | https://watillery.com/product/futuristic-long-gun/ | https://watillery.com/product/the-flood-dragon-folding-gun/ | https://watillery.com/product/tec9-electronic-water-gun/ | https://watillery.com/product/handheld-superior-water-gun-with-digital-display/ | https://watillery.com/product/water-leopard/ | https://watillery.com/product/uzi-with-misting-feature-and-backpack-drop-line-extension-pack/ | https://watillery.com/product/water-leopard-gatling/ | https://watillery.com/product/uzi-with-misting-feature/ | https://watillery.com/product/ump45-automatic-water-gun/ | https://watillery.com/product/twin-hand-water-gun-set/ | https://watillery.com/product/t13-viral-water-guns/ | https://watillery.com/product/single-barrel-gatling-with-misting-kit/ | https://watillery.com/product/shark-mkx-pulse-electric-water-gun-with-lights/ | https://watillery.com/product/ready-to-launch-water-gun/ | https://watillery.com/product/mk3-assult-rifle/ | https://watillery.com/product/mini-glock-gun/ | https://watillery.com/product/double-barrel-gatling-gun/ | https://watillery.com/product/desert-eagle-water-handgun/ | https://watillery.com/product/6-wheeled-mars-discover-rover-gel-pellet-shooting-version/"
"Hd9ddbba058a743d898fcfea017693047e.jpg","https://watillery.com/wp-content/uploads/2026/05/Hd9ddbba058a743d898fcfea017693047e.jpg","https://watillery.com/ | https://watillery.com/products/ | https://watillery.com/product/yacht-space-water-gun/"
"H240770eda99146a997aa8aa892c5f81ao.avif","https://watillery.com/wp-content/uploads/2026/05/H240770eda99146a997aa8aa892c5f81ao.avif","https://watillery.com/ | https://watillery.com/products/ | https://watillery.com/shop/ | https://watillery.com/product/gel-pellet-shooting-glock/"
"Hafcfcfc8d8bd4d2fb52bc58946dd2ec7N.jpg","https://watillery.com/wp-content/uploads/2026/04/Hafcfcfc8d8bd4d2fb52bc58946dd2ec7N.jpg","https://watillery.com/ | https://watillery.com/products/ | https://watillery.com/shop/ | https://watillery.com/product/handheld-superior-water-gun-with-digital-display/"
"H0f521eef7170417484610573263458cdm.jpg","https://watillery.com/wp-content/uploads/2026/04/H0f521eef7170417484610573263458cdm.jpg","https://watillery.com/ | https://watillery.com/products/ | https://watillery.com/product/the-flood-dragon-folding-gun/"
"H6fdbd54611cf46cfb62a6a170f72b848R.jpg","https://watillery.com/wp-content/uploads/2026/04/H6fdbd54611cf46cfb62a6a170f72b848R.jpg","https://watillery.com/ | https://watillery.com/products/ | https://watillery.com/product/water-bubble-combo-gun/"
"H0fd75acceb854a1ab410312f5907f32dB.jpg","https://watillery.com/wp-content/uploads/2026/04/H0fd75acceb854a1ab410312f5907f32dB.jpg","https://watillery.com/ | https://watillery.com/products/ | https://watillery.com/product/s56-elite-handgun/"
"H51605b08e2e34c8ea8efaf7b5b3c9b56N-1.png","https://watillery.com/wp-content/uploads/2026/04/H51605b08e2e34c8ea8efaf7b5b3c9b56N-1.png","https://watillery.com/ | https://watillery.com/products/ | https://watillery.com/product/mini-red-m416/"
"Ha2b707001a6c4da1b6ca92a46da9aa18k.png","https://watillery.com/wp-content/uploads/2026/04/Ha2b707001a6c4da1b6ca92a46da9aa18k.png","https://watillery.com/ | https://watillery.com/products/ | https://watillery.com/product/m416-automatic-water-gun/"
"pfp_male.png","https://watillery.com/wp-content/uploads/2025/07/pfp_male.png","https://watillery.com/ | https://watillery.com/about/ | https://watillery.com/products/ | https://watillery.com/contact/ | https://watillery.com/blog/ | https://watillery.com/privacy-policy/ | https://watillery.com/shipping-policy/ | https://watillery.com/refund-returns/ | https://watillery.com/shop/ | https://watillery.com/product/interstellar-blazing-sword/ | https://watillery.com/product/gel-pellet-shooting-glock/ | https://watillery.com/product/motion-running-toy/ | https://watillery.com/product/hovering-submarine/ | https://watillery.com/product/manta-rays/ | https://watillery.com/product/dynamic-submarine/ | https://watillery.com/product/diy-balloon-set/ | https://watillery.com/product/all-terrain-gel-pellet-shooting-tank/ | https://watillery.com/product/water-spouting-whale/ | https://watillery.com/product/yacht-space-water-gun/ | https://watillery.com/product/water-bubble-combo-gun/ | https://watillery.com/product/s56-elite-handgun/ | https://watillery.com/product/mini-red-m416/ | https://watillery.com/product/m416-automatic-water-gun/ | https://watillery.com/product/p90-elite-high-powered-water-gun-with-built-in-dropline/ | https://watillery.com/product/water-leopard-next-gen/ | https://watillery.com/product/futuristic-long-gun/ | https://watillery.com/product/the-flood-dragon-folding-gun/ | https://watillery.com/product/tec9-electronic-water-gun/ | https://watillery.com/product/handheld-superior-water-gun-with-digital-display/ | https://watillery.com/product/water-leopard/ | https://watillery.com/product/uzi-with-misting-feature-and-backpack-drop-line-extension-pack/ | https://watillery.com/product/water-leopard-gatling/ | https://watillery.com/product/uzi-with-misting-feature/ | https://watillery.com/product/ump45-automatic-water-gun/ | https://watillery.com/product/twin-hand-water-gun-set/ | https://watillery.com/product/t13-viral-water-guns/ | https://watillery.com/product/single-barrel-gatling-with-misting-kit/ | https://watillery.com/product/shark-mkx-pulse-electric-water-gun-with-lights/ | https://watillery.com/product/ready-to-launch-water-gun/ | https://watillery.com/product/mk3-assult-rifle/ | https://watillery.com/product/mini-glock-gun/ | https://watillery.com/product/double-barrel-gatling-gun/ | https://watillery.com/product/desert-eagle-water-handgun/ | https://watillery.com/product/6-wheeled-mars-discover-rover-gel-pellet-shooting-version/"
"pfp_female.png","https://watillery.com/wp-content/uploads/2025/07/pfp_female.png","https://watillery.com/ | https://watillery.com/about/ | https://watillery.com/products/ | https://watillery.com/contact/ | https://watillery.com/blog/ | https://watillery.com/privacy-policy/ | https://watillery.com/shipping-policy/ | https://watillery.com/refund-returns/ | https://watillery.com/shop/ | https://watillery.com/product/interstellar-blazing-sword/ | https://watillery.com/product/gel-pellet-shooting-glock/ | https://watillery.com/product/motion-running-toy/ | https://watillery.com/product/hovering-submarine/ | https://watillery.com/product/manta-rays/ | https://watillery.com/product/dynamic-submarine/ | https://watillery.com/product/diy-balloon-set/ | https://watillery.com/product/all-terrain-gel-pellet-shooting-tank/ | https://watillery.com/product/water-spouting-whale/ | https://watillery.com/product/yacht-space-water-gun/ | https://watillery.com/product/water-bubble-combo-gun/ | https://watillery.com/product/s56-elite-handgun/ | https://watillery.com/product/mini-red-m416/ | https://watillery.com/product/m416-automatic-water-gun/ | https://watillery.com/product/p90-elite-high-powered-water-gun-with-built-in-dropline/ | https://watillery.com/product/water-leopard-next-gen/ | https://watillery.com/product/futuristic-long-gun/ | https://watillery.com/product/the-flood-dragon-folding-gun/ | https://watillery.com/product/tec9-electronic-water-gun/ | https://watillery.com/product/handheld-superior-water-gun-with-digital-display/ | https://watillery.com/product/water-leopard/ | https://watillery.com/product/uzi-with-misting-feature-and-backpack-drop-line-extension-pack/ | https://watillery.com/product/water-leopard-gatling/ | https://watillery.com/product/uzi-with-misting-feature/ | https://watillery.com/product/ump45-automatic-water-gun/ | https://watillery.com/product/twin-hand-water-gun-set/ | https://watillery.com/product/t13-viral-water-guns/ | https://watillery.com/product/single-barrel-gatling-with-misting-kit/ | https://watillery.com/product/shark-mkx-pulse-electric-water-gun-with-lights/ | https://watillery.com/product/ready-to-launch-water-gun/ | https://watillery.com/product/mk3-assult-rifle/ | https://watillery.com/product/mini-glock-gun/ | https://watillery.com/product/double-barrel-gatling-gun/ | https://watillery.com/product/desert-eagle-water-handgun/ | https://watillery.com/product/6-wheeled-mars-discover-rover-gel-pellet-shooting-version/"
"icon-water-gun.png","https://watillery.com/wp-content/uploads/2025/07/icon-water-gun.png","https://watillery.com/about/"
"icon-premium-quality.png","https://watillery.com/wp-content/uploads/2025/07/icon-premium-quality.png","https://watillery.com/about/"
"icon-global-shipping.png","https://watillery.com/wp-content/uploads/2025/07/icon-global-shipping.png","https://watillery.com/about/"
"post-thubmnail.jpg","https://watillery.com/wp-content/uploads/2025/08/post-thubmnail.jpg","https://watillery.com/blog/"
"H9ce465a8f0a24ad0ac1869f68f6b6ceeC.jpg","https://watillery.com/wp-content/uploads/2026/04/H9ce465a8f0a24ad0ac1869f68f6b6ceeC.jpg","https://watillery.com/shop/ | https://watillery.com/product/6-wheeled-mars-discover-rover-gel-pellet-shooting-version/"
"Hd86f98b1ef0b47d5870d55b50604144eL.jpg_720x720q50.jpg","https://watillery.com/wp-content/uploads/2025/09/Hd86f98b1ef0b47d5870d55b50604144eL.jpg_720x720q50.jpg","https://watillery.com/shop/ | https://watillery.com/product/all-terrain-gel-pellet-shooting-tank/"
"H6e774b29fec0442489420fa09bac3b4bG.jpg_720x720q50.avif","https://watillery.com/wp-content/uploads/2025/09/H6e774b29fec0442489420fa09bac3b4bG.jpg_720x720q50.avif","https://watillery.com/shop/ | https://watillery.com/product/desert-eagle-water-handgun/"
"DIY-Balloon-Set.jpg","https://watillery.com/wp-content/uploads/2025/09/DIY-Balloon-Set.jpg","https://watillery.com/shop/ | https://watillery.com/product/diy-balloon-set/"
"Hd65a0e94a63944c18507d775256a4abeW.jpg_720x720q50-1.avif","https://watillery.com/wp-content/uploads/2025/09/Hd65a0e94a63944c18507d775256a4abeW.jpg_720x720q50-1.avif","https://watillery.com/shop/ | https://watillery.com/product/double-barrel-gatling-gun/"
"H7dee86f268a54993b2b5c56abd0de7e1P.png_720x720q50.avif","https://watillery.com/wp-content/uploads/2025/09/H7dee86f268a54993b2b5c56abd0de7e1P.png_720x720q50.avif","https://watillery.com/shop/ | https://watillery.com/product/dynamic-submarine/"
"Hfc0d06ca0e67449cbf0357ac5d8350d6Z-1.png","https://watillery.com/wp-content/uploads/2026/01/Hfc0d06ca0e67449cbf0357ac5d8350d6Z-1.png","https://watillery.com/shop/ | https://watillery.com/product/futuristic-long-gun/"
"Hc3596e03311e44079d8b6905f4c1519dg.jpg","https://watillery.com/wp-content/uploads/2025/11/Hc3596e03311e44079d8b6905f4c1519dg.jpg","https://watillery.com/product/interstellar-blazing-sword/"
"Hfc791b2772e142a789b9ecdb80c58f85X.avif","https://watillery.com/wp-content/uploads/2025/11/Hfc791b2772e142a789b9ecdb80c58f85X.avif","https://watillery.com/product/interstellar-blazing-sword/"
"Hf58673eda50b4aee8db1458732f3b225i.jpg","https://watillery.com/wp-content/uploads/2025/11/Hf58673eda50b4aee8db1458732f3b225i.jpg","https://watillery.com/product/interstellar-blazing-sword/"
"Hf15bc4be09f04ef18129ab53b948aa44Z.avif","https://watillery.com/wp-content/uploads/2025/11/Hf15bc4be09f04ef18129ab53b948aa44Z.avif","https://watillery.com/product/interstellar-blazing-sword/"
"He7a6402bac544eb5b9a28dd49f3d2cf9m.jpg","https://watillery.com/wp-content/uploads/2025/11/He7a6402bac544eb5b9a28dd49f3d2cf9m.jpg","https://watillery.com/product/interstellar-blazing-sword/"
"Hdee6fa31cc1647ef8e3abed989dcdf67f.jpg","https://watillery.com/wp-content/uploads/2025/11/Hdee6fa31cc1647ef8e3abed989dcdf67f.jpg","https://watillery.com/product/interstellar-blazing-sword/"
"Hceaf9c936afc46d995dfdad9e9233a43q.avif","https://watillery.com/wp-content/uploads/2025/11/Hceaf9c936afc46d995dfdad9e9233a43q.avif","https://watillery.com/product/interstellar-blazing-sword/"
"Hce7bedb1013f4d7cab971389c5336f46U.jpg","https://watillery.com/wp-content/uploads/2025/11/Hce7bedb1013f4d7cab971389c5336f46U.jpg","https://watillery.com/product/interstellar-blazing-sword/"
"H0080097a707b4647854c6701abc72accC.avif","https://watillery.com/wp-content/uploads/2025/11/H0080097a707b4647854c6701abc72accC.avif","https://watillery.com/product/interstellar-blazing-sword/"
"H55512a553587421e8f06102784fe32657.avif","https://watillery.com/wp-content/uploads/2025/11/H55512a553587421e8f06102784fe32657.avif","https://watillery.com/product/interstellar-blazing-sword/"
"H08977dee545543feb6310e34978e1bc1Y.jpg","https://watillery.com/wp-content/uploads/2025/11/H08977dee545543feb6310e34978e1bc1Y.jpg","https://watillery.com/product/interstellar-blazing-sword/"
"H2323b84e7ee74d15975e094f61b421005.jpg","https://watillery.com/wp-content/uploads/2025/11/H2323b84e7ee74d15975e094f61b421005.jpg","https://watillery.com/product/interstellar-blazing-sword/"
"H78efccbd40d74e17bb76ddfe1dc7d118e.jpg","https://watillery.com/wp-content/uploads/2025/11/H78efccbd40d74e17bb76ddfe1dc7d118e.jpg","https://watillery.com/product/interstellar-blazing-sword/"
"H65f5bb16c1774c0bb3404cea9e138886u.avif","https://watillery.com/wp-content/uploads/2025/11/H65f5bb16c1774c0bb3404cea9e138886u.avif","https://watillery.com/product/interstellar-blazing-sword/"
"H9c017d8ebd5f4a5aaf569c657bb7ea8av.avif","https://watillery.com/wp-content/uploads/2025/11/H9c017d8ebd5f4a5aaf569c657bb7ea8av.avif","https://watillery.com/product/interstellar-blazing-sword/"
"H6b0fad170b3947f381d64eb50b6bd7fas.jpg","https://watillery.com/wp-content/uploads/2026/05/H6b0fad170b3947f381d64eb50b6bd7fas.jpg","https://watillery.com/product/gel-pellet-shooting-glock/"
"H96de4216ff3e4a90b6834e8de48012del.avif","https://watillery.com/wp-content/uploads/2026/05/H96de4216ff3e4a90b6834e8de48012del.avif","https://watillery.com/product/gel-pellet-shooting-glock/"
"H240770eda99146a997aa8aa892c5f81ao-1.avif","https://watillery.com/wp-content/uploads/2026/05/H240770eda99146a997aa8aa892c5f81ao-1.avif","https://watillery.com/product/gel-pellet-shooting-glock/"
"Hb4e9a44a4da5488d883bf0f947ec0d55g.jpg","https://watillery.com/wp-content/uploads/2026/05/Hb4e9a44a4da5488d883bf0f947ec0d55g.jpg","https://watillery.com/product/gel-pellet-shooting-glock/"
"Hb50b1a0cb75047c8adc8c4c05f34c9eeJ.jpg","https://watillery.com/wp-content/uploads/2026/05/Hb50b1a0cb75047c8adc8c4c05f34c9eeJ.jpg","https://watillery.com/product/gel-pellet-shooting-glock/"
"Hc1b41a4f61284d0b8be756fd4953ec105.jpg","https://watillery.com/wp-content/uploads/2026/05/Hc1b41a4f61284d0b8be756fd4953ec105.jpg","https://watillery.com/product/gel-pellet-shooting-glock/"
"Hcada488db5b547038d354ef045eefac0v.jpg","https://watillery.com/wp-content/uploads/2026/05/Hcada488db5b547038d354ef045eefac0v.jpg","https://watillery.com/product/gel-pellet-shooting-glock/"
"He9155ca1a8744944ad17cdb080e7d733u.jpg","https://watillery.com/wp-content/uploads/2026/05/He9155ca1a8744944ad17cdb080e7d733u.jpg","https://watillery.com/product/gel-pellet-shooting-glock/"
"H921d02a83ad04f09931915ece19c5e69V.jpg_720x720q50.jpg","https://watillery.com/wp-content/uploads/2025/09/H921d02a83ad04f09931915ece19c5e69V.jpg_720x720q50.jpg","https://watillery.com/product/motion-running-toy/"
"Hfb2fd9883d864527ab1bc835180d11f4y.jpg_720x720q50.jpg","https://watillery.com/wp-content/uploads/2025/09/Hfb2fd9883d864527ab1bc835180d11f4y.jpg_720x720q50.jpg","https://watillery.com/product/motion-running-toy/"
"H177043e8476a407cb83f301dc4a02ee3v.jpg_720x720q50.jpg","https://watillery.com/wp-content/uploads/2025/09/H177043e8476a407cb83f301dc4a02ee3v.jpg_720x720q50.jpg","https://watillery.com/product/motion-running-toy/"
"H86e6433b394e4b429b9558ad01efc59ar.jpg_720x720q50.jpg","https://watillery.com/wp-content/uploads/2025/09/H86e6433b394e4b429b9558ad01efc59ar.jpg_720x720q50.jpg","https://watillery.com/product/motion-running-toy/"
"H7f83f659eaab4622b7ab4f62baad3efd4.png_720x720q50.avif","https://watillery.com/wp-content/uploads/2025/09/H7f83f659eaab4622b7ab4f62baad3efd4.png_720x720q50.avif","https://watillery.com/product/hovering-submarine/"
"Hdc474393e14b4bfa8b338333ab2d3a38U.png_720x720q50.avif","https://watillery.com/wp-content/uploads/2025/09/Hdc474393e14b4bfa8b338333ab2d3a38U.png_720x720q50.avif","https://watillery.com/product/hovering-submarine/"
"H9575c24b71de457c8e8883dfd077c9a7O.avif","https://watillery.com/wp-content/uploads/2025/09/H9575c24b71de457c8e8883dfd077c9a7O.avif","https://watillery.com/product/hovering-submarine/"
"H42f098b8bdb44d1a9ef5b552fec9c4181.avif","https://watillery.com/wp-content/uploads/2025/09/H42f098b8bdb44d1a9ef5b552fec9c4181.avif","https://watillery.com/product/hovering-submarine/"
"H9434664abdaf4be49f169bce6fa7300dN.avif","https://watillery.com/wp-content/uploads/2025/09/H9434664abdaf4be49f169bce6fa7300dN.avif","https://watillery.com/product/hovering-submarine/"
"H05c5bd9b09ff4f3ea91fd413b15ddb0bE.png_720x720q50.avif","https://watillery.com/wp-content/uploads/2025/09/H05c5bd9b09ff4f3ea91fd413b15ddb0bE.png_720x720q50.avif","https://watillery.com/product/hovering-submarine/"
"Haed870a14c6e4edabf567d2a3658373dL.png_720x720q50.avif","https://watillery.com/wp-content/uploads/2025/09/Haed870a14c6e4edabf567d2a3658373dL.png_720x720q50.avif","https://watillery.com/product/hovering-submarine/"
"Hc51699f0ca134d50b672b89e308bef38A.png_720x720q50.avif","https://watillery.com/wp-content/uploads/2025/09/Hc51699f0ca134d50b672b89e308bef38A.png_720x720q50.avif","https://watillery.com/product/hovering-submarine/"
"H7bad14dc38f640de8f5be78d1627b61c7.png_720x720q50.avif","https://watillery.com/wp-content/uploads/2025/09/H7bad14dc38f640de8f5be78d1627b61c7.png_720x720q50.avif","https://watillery.com/product/manta-rays/"
"Ha1fa5f66c51a49959f5c76691ae306bfu.png_720x720q50.avif","https://watillery.com/wp-content/uploads/2025/09/Ha1fa5f66c51a49959f5c76691ae306bfu.png_720x720q50.avif","https://watillery.com/product/manta-rays/"
"H4d612d2b359b4699b909f40359735c24X.png_720x720q50.avif","https://watillery.com/wp-content/uploads/2025/09/H4d612d2b359b4699b909f40359735c24X.png_720x720q50.avif","https://watillery.com/product/manta-rays/"
"H6748fe097fb344fd8cd73ed58b71983cV.png_720x720q50.avif","https://watillery.com/wp-content/uploads/2025/09/H6748fe097fb344fd8cd73ed58b71983cV.png_720x720q50.avif","https://watillery.com/product/manta-rays/"
"Hc9706d1cb7c041a0be4148d3c40803e24.avif","https://watillery.com/wp-content/uploads/2025/09/Hc9706d1cb7c041a0be4148d3c40803e24.avif","https://watillery.com/product/manta-rays/"
"H5792826b0d314ca68115f62d4b1985819.png_720x720q50.avif","https://watillery.com/wp-content/uploads/2025/09/H5792826b0d314ca68115f62d4b1985819.png_720x720q50.avif","https://watillery.com/product/manta-rays/"
"H60b6adbaf21d4abc9be7c71142896a82o.png_720x720q50.avif","https://watillery.com/wp-content/uploads/2025/09/H60b6adbaf21d4abc9be7c71142896a82o.png_720x720q50.avif","https://watillery.com/product/manta-rays/"
"He3ebfc4703bc4c20b7696c2809a534eb0.avif","https://watillery.com/wp-content/uploads/2025/09/He3ebfc4703bc4c20b7696c2809a534eb0.avif","https://watillery.com/product/manta-rays/"
"H370de3721e6448f38e5b19ffa1e6ecdc0.avif","https://watillery.com/wp-content/uploads/2025/09/H370de3721e6448f38e5b19ffa1e6ecdc0.avif","https://watillery.com/product/manta-rays/"
"Hb467a9a676a7495ea6ed8962d00faa0a3.jpg_720x720q50.avif","https://watillery.com/wp-content/uploads/2025/09/Hb467a9a676a7495ea6ed8962d00faa0a3.jpg_720x720q50.avif","https://watillery.com/product/dynamic-submarine/"
"H071008e1033b4e06b120855156fa953eS.png_720x720q50.avif","https://watillery.com/wp-content/uploads/2025/09/H071008e1033b4e06b120855156fa953eS.png_720x720q50.avif","https://watillery.com/product/dynamic-submarine/"
"H37f82e46484043a1a821322d9b6bd3bbx.png_720x720q50.avif","https://watillery.com/wp-content/uploads/2025/09/H37f82e46484043a1a821322d9b6bd3bbx.png_720x720q50.avif","https://watillery.com/product/dynamic-submarine/"
"H3bd82571480b41e18508e19ff79ca9d0M.png_720x720q50.avif","https://watillery.com/wp-content/uploads/2025/09/H3bd82571480b41e18508e19ff79ca9d0M.png_720x720q50.avif","https://watillery.com/product/dynamic-submarine/"
"DIY-Balloon-Accessories-Kit-2.jpg","https://watillery.com/wp-content/uploads/2025/09/DIY-Balloon-Accessories-Kit-2.jpg","https://watillery.com/product/diy-balloon-set/"
"DIY-Balloon-Accessories-Kit.jpg","https://watillery.com/wp-content/uploads/2025/09/DIY-Balloon-Accessories-Kit.jpg","https://watillery.com/product/diy-balloon-set/"
"H0e5a452528454e519a4bdecbd569da03D.jpg_720x720q50.jpg","https://watillery.com/wp-content/uploads/2025/09/H0e5a452528454e519a4bdecbd569da03D.jpg_720x720q50.jpg","https://watillery.com/product/all-terrain-gel-pellet-shooting-tank/"
"Hfc10db94307a4ecc9e1884ee23666704y.jpg_720x720q50.jpg","https://watillery.com/wp-content/uploads/2025/09/Hfc10db94307a4ecc9e1884ee23666704y.jpg_720x720q50.jpg","https://watillery.com/product/all-terrain-gel-pellet-shooting-tank/"
"Hea1f9d56538349f397edba4d2553351fs.jpg_720x720q50.jpg","https://watillery.com/wp-content/uploads/2025/09/Hea1f9d56538349f397edba4d2553351fs.jpg_720x720q50.jpg","https://watillery.com/product/all-terrain-gel-pellet-shooting-tank/"
"Hd6ad74784a404a6e8be7cc4213cfda96N.jpg_720x720q50.jpg","https://watillery.com/wp-content/uploads/2025/09/Hd6ad74784a404a6e8be7cc4213cfda96N.jpg_720x720q50.jpg","https://watillery.com/product/all-terrain-gel-pellet-shooting-tank/"
"H079bfd2cfc2b493a970175b560604b54o.jpg_720x720q50.jpg","https://watillery.com/wp-content/uploads/2025/09/H079bfd2cfc2b493a970175b560604b54o.jpg_720x720q50.jpg","https://watillery.com/product/all-terrain-gel-pellet-shooting-tank/"
"H128d4b07b97945e3a66e04d53725346af.png_720x720q50.avif","https://watillery.com/wp-content/uploads/2025/09/H128d4b07b97945e3a66e04d53725346af.png_720x720q50.avif","https://watillery.com/product/water-spouting-whale/"
"H7442648f60d14e429393ec3841e314f09.avif","https://watillery.com/wp-content/uploads/2025/09/H7442648f60d14e429393ec3841e314f09.avif","https://watillery.com/product/water-spouting-whale/"
"Hc0246c72beee4667b0d24c78913e75f7o.avif","https://watillery.com/wp-content/uploads/2025/09/Hc0246c72beee4667b0d24c78913e75f7o.avif","https://watillery.com/product/water-spouting-whale/"
"H679894f02a59442894ca9329e0d47e7ep.png_720x720q50.avif","https://watillery.com/wp-content/uploads/2025/09/H679894f02a59442894ca9329e0d47e7ep.png_720x720q50.avif","https://watillery.com/product/water-spouting-whale/"
"H0005203a20d749b597a64009e89a734dg.jpg_720x720q50.avif","https://watillery.com/wp-content/uploads/2025/09/H0005203a20d749b597a64009e89a734dg.jpg_720x720q50.avif","https://watillery.com/product/water-spouting-whale/"
"H90c6a35b30cc4bfd8c01d2336ea5fb18w.png_720x720q50.avif","https://watillery.com/wp-content/uploads/2025/09/H90c6a35b30cc4bfd8c01d2336ea5fb18w.png_720x720q50.avif","https://watillery.com/product/water-spouting-whale/"
"Hf56f4b6dc95040b2bf233ec201c32ab1X.png_720x720q50.avif","https://watillery.com/wp-content/uploads/2025/09/Hf56f4b6dc95040b2bf233ec201c32ab1X.png_720x720q50.avif","https://watillery.com/product/water-spouting-whale/"
"Hffea7e139c7c4437bca9537ef562fd9f1.jpg_720x720q50.avif","https://watillery.com/wp-content/uploads/2025/09/Hffea7e139c7c4437bca9537ef562fd9f1.jpg_720x720q50.avif","https://watillery.com/product/water-spouting-whale/"
"blue-dimenstions.jpg","https://watillery.com/wp-content/uploads/2026/05/blue-dimenstions.jpg","https://watillery.com/product/yacht-space-water-gun/"
"H6d53e9296f6147689273a089e17329a4T.jpg","https://watillery.com/wp-content/uploads/2026/05/H6d53e9296f6147689273a089e17329a4T.jpg","https://watillery.com/product/yacht-space-water-gun/"
"H6e6623907b8d4c95ae47a37b6ee425d3r.jpg","https://watillery.com/wp-content/uploads/2026/05/H6e6623907b8d4c95ae47a37b6ee425d3r.jpg","https://watillery.com/product/yacht-space-water-gun/"
"H9a5d95d073ba4c11a55aa33f20df4c05q.jpg","https://watillery.com/wp-content/uploads/2026/05/H9a5d95d073ba4c11a55aa33f20df4c05q.jpg","https://watillery.com/product/yacht-space-water-gun/"
"H41cb0382617f484d93e1cf8977fafcb4a.jpg","https://watillery.com/wp-content/uploads/2026/05/H41cb0382617f484d93e1cf8977fafcb4a.jpg","https://watillery.com/product/yacht-space-water-gun/"
"H82e6fec8382e4b5aa0381544adb10576d.jpg","https://watillery.com/wp-content/uploads/2026/05/H82e6fec8382e4b5aa0381544adb10576d.jpg","https://watillery.com/product/yacht-space-water-gun/"
"Ha1125fe21cba4ac498948680cf5658b7A.jpg","https://watillery.com/wp-content/uploads/2026/05/Ha1125fe21cba4ac498948680cf5658b7A.jpg","https://watillery.com/product/yacht-space-water-gun/"
"Hb9a236583d1e427ebef215680088f3c3V.jpg","https://watillery.com/wp-content/uploads/2026/05/Hb9a236583d1e427ebef215680088f3c3V.jpg","https://watillery.com/product/yacht-space-water-gun/"
"Hd9ddbba058a743d898fcfea017693047e-1.jpg","https://watillery.com/wp-content/uploads/2026/05/Hd9ddbba058a743d898fcfea017693047e-1.jpg","https://watillery.com/product/yacht-space-water-gun/"
"Hfdaedc4f87314854822d249f74404987k.png","https://watillery.com/wp-content/uploads/2026/04/Hfdaedc4f87314854822d249f74404987k.png","https://watillery.com/product/water-bubble-combo-gun/"
"He6e4f811fece471395fc9d7e90b2e859u.jpg","https://watillery.com/wp-content/uploads/2026/04/He6e4f811fece471395fc9d7e90b2e859u.jpg","https://watillery.com/product/water-bubble-combo-gun/"
"He5b4676b6f0a492a8247fea72d8450656.jpg","https://watillery.com/wp-content/uploads/2026/04/He5b4676b6f0a492a8247fea72d8450656.jpg","https://watillery.com/product/water-bubble-combo-gun/"
"Hbf33acf936204941b9e6c5359633ba93K.jpg","https://watillery.com/wp-content/uploads/2026/04/Hbf33acf936204941b9e6c5359633ba93K.jpg","https://watillery.com/product/water-bubble-combo-gun/"
"Ha2404f9c90924c56a73ff0353edb8334s.jpg","https://watillery.com/wp-content/uploads/2026/04/Ha2404f9c90924c56a73ff0353edb8334s.jpg","https://watillery.com/product/water-bubble-combo-gun/"
"H12744721350643f382e7e43fa7c4c0df6.jpg","https://watillery.com/wp-content/uploads/2026/04/H12744721350643f382e7e43fa7c4c0df6.jpg","https://watillery.com/product/water-bubble-combo-gun/"
"H66031b03a2d942cead84a9b2eab77d3bx.png","https://watillery.com/wp-content/uploads/2026/04/H66031b03a2d942cead84a9b2eab77d3bx.png","https://watillery.com/product/water-bubble-combo-gun/"
"H958b42d5095a4b1e89a61b04555c6f0fV.jpg","https://watillery.com/wp-content/uploads/2026/04/H958b42d5095a4b1e89a61b04555c6f0fV.jpg","https://watillery.com/product/water-bubble-combo-gun/"
"H676a6ce33dc34f7e85f80eac63aaffd8z.png","https://watillery.com/wp-content/uploads/2026/04/H676a6ce33dc34f7e85f80eac63aaffd8z.png","https://watillery.com/product/water-bubble-combo-gun/"
"H421ca527beb24628a24fd580bcb54977d.jpg","https://watillery.com/wp-content/uploads/2026/04/H421ca527beb24628a24fd580bcb54977d.jpg","https://watillery.com/product/water-bubble-combo-gun/"
"H92a88d9872e949109428293069b29899L.png","https://watillery.com/wp-content/uploads/2026/04/H92a88d9872e949109428293069b29899L.png","https://watillery.com/product/water-bubble-combo-gun/"
"H69ea0f0f9c84453599db1a3a76eebfd93.webp","https://watillery.com/wp-content/uploads/2026/04/H69ea0f0f9c84453599db1a3a76eebfd93.webp","https://watillery.com/product/water-bubble-combo-gun/"
"H36f3911ce85d49419c80c3127e285967s.png","https://watillery.com/wp-content/uploads/2026/04/H36f3911ce85d49419c80c3127e285967s.png","https://watillery.com/product/water-bubble-combo-gun/"
"H34a9f820c6f74cb69ac47674e79ac5f2z.jpg","https://watillery.com/wp-content/uploads/2026/04/H34a9f820c6f74cb69ac47674e79ac5f2z.jpg","https://watillery.com/product/water-bubble-combo-gun/"
"H08bd5983d4244e8fb0ffaacdce3646cbb.png","https://watillery.com/wp-content/uploads/2026/04/H08bd5983d4244e8fb0ffaacdce3646cbb.png","https://watillery.com/product/water-bubble-combo-gun/"
"H6fdbd54611cf46cfb62a6a170f72b848R-1.jpg","https://watillery.com/wp-content/uploads/2026/04/H6fdbd54611cf46cfb62a6a170f72b848R-1.jpg","https://watillery.com/product/water-bubble-combo-gun/"
"H0fd75acceb854a1ab410312f5907f32dB-1.jpg","https://watillery.com/wp-content/uploads/2026/04/H0fd75acceb854a1ab410312f5907f32dB-1.jpg","https://watillery.com/product/s56-elite-handgun/"
"H1f1b909afe2249c2a9be573a4d458347y-1.png","https://watillery.com/wp-content/uploads/2026/04/H1f1b909afe2249c2a9be573a4d458347y-1.png","https://watillery.com/product/s56-elite-handgun/"
"H4da963f02e624fc9804019d32d6ce884N.avif","https://watillery.com/wp-content/uploads/2026/04/H4da963f02e624fc9804019d32d6ce884N.avif","https://watillery.com/product/s56-elite-handgun/"
"H7a2dbddaf9eb4474ac7b1b7563cb39e5J.jpg","https://watillery.com/wp-content/uploads/2026/04/H7a2dbddaf9eb4474ac7b1b7563cb39e5J.jpg","https://watillery.com/product/s56-elite-handgun/"
"H7c2d5081f12b45e683366d243449b936v-1.jpg","https://watillery.com/wp-content/uploads/2026/04/H7c2d5081f12b45e683366d243449b936v-1.jpg","https://watillery.com/product/s56-elite-handgun/"
"H1684a2fa61b94acdb16c84c69460e10c3.jpg","https://watillery.com/wp-content/uploads/2026/04/H1684a2fa61b94acdb16c84c69460e10c3.jpg","https://watillery.com/product/s56-elite-handgun/"
"H7647e01df19e429d9303f2c4af5b14c4u.jpg","https://watillery.com/wp-content/uploads/2026/04/H7647e01df19e429d9303f2c4af5b14c4u.jpg","https://watillery.com/product/s56-elite-handgun/"
"H8332dd0cce1a4750bb8cb22798b0f5c77.jpg","https://watillery.com/wp-content/uploads/2026/04/H8332dd0cce1a4750bb8cb22798b0f5c77.jpg","https://watillery.com/product/s56-elite-handgun/"
"H587213959cbf45a4b5b84909ce39bc206.jpg","https://watillery.com/wp-content/uploads/2026/04/H587213959cbf45a4b5b84909ce39bc206.jpg","https://watillery.com/product/s56-elite-handgun/"
"Ha68a8ef97b13415498331845c49089a2q.jpg","https://watillery.com/wp-content/uploads/2026/04/Ha68a8ef97b13415498331845c49089a2q.jpg","https://watillery.com/product/s56-elite-handgun/"
"Hba1139432fa647c4a40599f40a7b4016s.jpg","https://watillery.com/wp-content/uploads/2026/04/Hba1139432fa647c4a40599f40a7b4016s.jpg","https://watillery.com/product/s56-elite-handgun/"
"Hc496c86da77d4b36a1c3c11b8cae928at.avif","https://watillery.com/wp-content/uploads/2026/04/Hc496c86da77d4b36a1c3c11b8cae928at.avif","https://watillery.com/product/s56-elite-handgun/"
"Hcb25cbbefbfb4cf2acaeedbf825c8ab7A.jpg","https://watillery.com/wp-content/uploads/2026/04/Hcb25cbbefbfb4cf2acaeedbf825c8ab7A.jpg","https://watillery.com/product/s56-elite-handgun/"
"Hd6dd903c41e64eef8ededfda31c555deQ.jpg","https://watillery.com/wp-content/uploads/2026/04/Hd6dd903c41e64eef8ededfda31c555deQ.jpg","https://watillery.com/product/s56-elite-handgun/"
"Hd49d19558e1540f9b7b5a779f40423559.jpg","https://watillery.com/wp-content/uploads/2026/04/Hd49d19558e1540f9b7b5a779f40423559.jpg","https://watillery.com/product/s56-elite-handgun/"
"Hd0025578945f41dda84030de30676f97i.jpg","https://watillery.com/wp-content/uploads/2026/04/Hd0025578945f41dda84030de30676f97i.jpg","https://watillery.com/product/s56-elite-handgun/"
"Hde55869a76984b00a1c3a0187640d1d36.jpg","https://watillery.com/wp-content/uploads/2026/04/Hde55869a76984b00a1c3a0187640d1d36.jpg","https://watillery.com/product/s56-elite-handgun/"
"Hecb7b07f22944c16bfbca738fd78f7c2s.jpg","https://watillery.com/wp-content/uploads/2026/04/Hecb7b07f22944c16bfbca738fd78f7c2s.jpg","https://watillery.com/product/s56-elite-handgun/"
"Hf7dd8f8b26ec45f6a07979bbc5296933B.jpg","https://watillery.com/wp-content/uploads/2026/04/Hf7dd8f8b26ec45f6a07979bbc5296933B.jpg","https://watillery.com/product/s56-elite-handgun/"
"Hf223d92b59414743b05a46f5050efd747.avif","https://watillery.com/wp-content/uploads/2026/04/Hf223d92b59414743b05a46f5050efd747.avif","https://watillery.com/product/s56-elite-handgun/"
"H42ef02e8cacc427199a6149f7f1c928e9.png","https://watillery.com/wp-content/uploads/2026/04/H42ef02e8cacc427199a6149f7f1c928e9.png","https://watillery.com/product/mini-red-m416/"
"H56b8e8ae9db54977890e1bdfab68485aa-1.png","https://watillery.com/wp-content/uploads/2026/04/H56b8e8ae9db54977890e1bdfab68485aa-1.png","https://watillery.com/product/mini-red-m416/"
"H60966bebf3304da3b91f9054c9854945D.jpg","https://watillery.com/wp-content/uploads/2026/04/H60966bebf3304da3b91f9054c9854945D.jpg","https://watillery.com/product/mini-red-m416/"
"H02baa739381b4a0ea06cbc1dc9acb0684.jpg","https://watillery.com/wp-content/uploads/2026/04/H02baa739381b4a0ea06cbc1dc9acb0684.jpg","https://watillery.com/product/m416-automatic-water-gun/"
"H6e3e573ae6a84e27aa17bd9a8bf51b77Z-1.jpg","https://watillery.com/wp-content/uploads/2026/04/H6e3e573ae6a84e27aa17bd9a8bf51b77Z-1.jpg","https://watillery.com/product/m416-automatic-water-gun/"
"H33bbf7783ad84aa891c73a314cfd41fet.jpg","https://watillery.com/wp-content/uploads/2026/04/H33bbf7783ad84aa891c73a314cfd41fet.jpg","https://watillery.com/product/m416-automatic-water-gun/"
"H47ef1aea7ee84336b53fe6e4bf8c2aa3d.png","https://watillery.com/wp-content/uploads/2026/04/H47ef1aea7ee84336b53fe6e4bf8c2aa3d.png","https://watillery.com/product/m416-automatic-water-gun/"
"H126cc52e60164518ad5c303f6a1ca8a8G-1.jpg","https://watillery.com/wp-content/uploads/2026/04/H126cc52e60164518ad5c303f6a1ca8a8G-1.jpg","https://watillery.com/product/m416-automatic-water-gun/"
"H836e6d654b83480db8152c2b7e0ab591B.jpg","https://watillery.com/wp-content/uploads/2026/04/H836e6d654b83480db8152c2b7e0ab591B.jpg","https://watillery.com/product/m416-automatic-water-gun/"
"H34006c4ea28f4b6aa48f3c686054779ct.jpg","https://watillery.com/wp-content/uploads/2026/04/H34006c4ea28f4b6aa48f3c686054779ct.jpg","https://watillery.com/product/m416-automatic-water-gun/"
"Ha2b707001a6c4da1b6ca92a46da9aa18k-1.png","https://watillery.com/wp-content/uploads/2026/04/Ha2b707001a6c4da1b6ca92a46da9aa18k-1.png","https://watillery.com/product/m416-automatic-water-gun/"
"Hd1f01cd3dc47418e961049ca58c8afe0O.jpg","https://watillery.com/wp-content/uploads/2026/04/Hd1f01cd3dc47418e961049ca58c8afe0O.jpg","https://watillery.com/product/m416-automatic-water-gun/"
"Hdecf44894157497184d2d40f6b98f9acZ.jpg","https://watillery.com/wp-content/uploads/2026/04/Hdecf44894157497184d2d40f6b98f9acZ.jpg","https://watillery.com/product/m416-automatic-water-gun/"
"Heef4ae45d770414e8aec64314748b3a3h-1.jpg","https://watillery.com/wp-content/uploads/2026/04/Heef4ae45d770414e8aec64314748b3a3h-1.jpg","https://watillery.com/product/m416-automatic-water-gun/"
"Hf765ab37ad944dddb4aebd3ac78b11c7S.jpg","https://watillery.com/wp-content/uploads/2026/04/Hf765ab37ad944dddb4aebd3ac78b11c7S.jpg","https://watillery.com/product/m416-automatic-water-gun/"
"Hfbdc78f977af40968ac1ac722a738b40E.jpg","https://watillery.com/wp-content/uploads/2026/04/Hfbdc78f977af40968ac1ac722a738b40E.jpg","https://watillery.com/product/m416-automatic-water-gun/"
"H1a97e764b3c94634ae3f317d3fff101di.jpg","https://watillery.com/wp-content/uploads/2026/04/H1a97e764b3c94634ae3f317d3fff101di.jpg","https://watillery.com/product/p90-elite-high-powered-water-gun-with-built-in-dropline/"
"H1a97e764b3c94634ae3f317d3fff101di-1.jpg","https://watillery.com/wp-content/uploads/2026/04/H1a97e764b3c94634ae3f317d3fff101di-1.jpg","https://watillery.com/product/p90-elite-high-powered-water-gun-with-built-in-dropline/"
"H4b9c700b94044454ac142598f97b6762x-1.jpg","https://watillery.com/wp-content/uploads/2026/04/H4b9c700b94044454ac142598f97b6762x-1.jpg","https://watillery.com/product/p90-elite-high-powered-water-gun-with-built-in-dropline/"
"Ha3136af46c5d4f6d928dc6300f22786dx.jpg","https://watillery.com/wp-content/uploads/2026/04/Ha3136af46c5d4f6d928dc6300f22786dx.jpg","https://watillery.com/product/p90-elite-high-powered-water-gun-with-built-in-dropline/"
"Hc74d88e88bc04a419e1a2ec3b2de53c1s.jpg","https://watillery.com/wp-content/uploads/2026/04/Hc74d88e88bc04a419e1a2ec3b2de53c1s.jpg","https://watillery.com/product/p90-elite-high-powered-water-gun-with-built-in-dropline/"
"He232cb0520164b5ca94b2827c25abb27T.jpg","https://watillery.com/wp-content/uploads/2026/04/He232cb0520164b5ca94b2827c25abb27T.jpg","https://watillery.com/product/p90-elite-high-powered-water-gun-with-built-in-dropline/"
"Hfff3dc92551a4088bddf6c07a3d8cfb69.jpg","https://watillery.com/wp-content/uploads/2026/04/Hfff3dc92551a4088bddf6c07a3d8cfb69.jpg","https://watillery.com/product/water-leopard-next-gen/"
"H40ec1b63517c426aa514f419118247cdq.jpg","https://watillery.com/wp-content/uploads/2026/04/H40ec1b63517c426aa514f419118247cdq.jpg","https://watillery.com/product/water-leopard-next-gen/"
"H78fae26a75064012aaa32e5d75133e47w.jpg","https://watillery.com/wp-content/uploads/2026/04/H78fae26a75064012aaa32e5d75133e47w.jpg","https://watillery.com/product/water-leopard-next-gen/"
"H224a8a47cc45413d93e248d47fbc4a66u.jpg","https://watillery.com/wp-content/uploads/2026/04/H224a8a47cc45413d93e248d47fbc4a66u.jpg","https://watillery.com/product/water-leopard-next-gen/"
"H4737c55a4a4f41eb9f79a878bc7b34feI.jpg","https://watillery.com/wp-content/uploads/2026/04/H4737c55a4a4f41eb9f79a878bc7b34feI.jpg","https://watillery.com/product/water-leopard-next-gen/"
"H50810e840aa843d3ab45dd679bca4c45U.jpg","https://watillery.com/wp-content/uploads/2026/04/H50810e840aa843d3ab45dd679bca4c45U.jpg","https://watillery.com/product/water-leopard-next-gen/"
"H717123ad4c9f48c1870450171b024201h.jpg","https://watillery.com/wp-content/uploads/2026/04/H717123ad4c9f48c1870450171b024201h.jpg","https://watillery.com/product/water-leopard-next-gen/"
"Ha6cbeca6c0c4409ebacd5265ac4a789c1.jpg","https://watillery.com/wp-content/uploads/2026/04/Ha6cbeca6c0c4409ebacd5265ac4a789c1.jpg","https://watillery.com/product/water-leopard-next-gen/"
"Ha9fa550a3e0a4c419c4faeb8f0cae8ffW.jpg","https://watillery.com/wp-content/uploads/2026/04/Ha9fa550a3e0a4c419c4faeb8f0cae8ffW.jpg","https://watillery.com/product/water-leopard-next-gen/"
"Ha2034e7b5a1b427eb07775f466657e262.png","https://watillery.com/wp-content/uploads/2026/04/Ha2034e7b5a1b427eb07775f466657e262.png","https://watillery.com/product/water-leopard-next-gen/"
"Ha94465cf688c4851b3b4d6f9de18a771L.jpg","https://watillery.com/wp-content/uploads/2026/04/Ha94465cf688c4851b3b4d6f9de18a771L.jpg","https://watillery.com/product/water-leopard-next-gen/"
"Hd874e58a66a34a7da6a4c3ff6411b808H.jpg","https://watillery.com/wp-content/uploads/2026/04/Hd874e58a66a34a7da6a4c3ff6411b808H.jpg","https://watillery.com/product/water-leopard-next-gen/"
"Hde3f592b9fc94259adb9f6f6640c16e6l.jpg","https://watillery.com/wp-content/uploads/2026/04/Hde3f592b9fc94259adb9f6f6640c16e6l.jpg","https://watillery.com/product/water-leopard-next-gen/"
"Hde8dc2bf95e54c29b4f2aead921a6f38a.jpg","https://watillery.com/wp-content/uploads/2026/01/Hde8dc2bf95e54c29b4f2aead921a6f38a.jpg","https://watillery.com/product/futuristic-long-gun/"
"Hd87c7f8fc1184b519185b8b4985ef979b.jpg","https://watillery.com/wp-content/uploads/2026/01/Hd87c7f8fc1184b519185b8b4985ef979b.jpg","https://watillery.com/product/futuristic-long-gun/"
"Hc86c2555aa894a618909e25a0f3b974eZ.jpg","https://watillery.com/wp-content/uploads/2026/01/Hc86c2555aa894a618909e25a0f3b974eZ.jpg","https://watillery.com/product/futuristic-long-gun/"
"H16809c7fa2f74ec49ff678be77eebab8R.jpg","https://watillery.com/wp-content/uploads/2026/01/H16809c7fa2f74ec49ff678be77eebab8R.jpg","https://watillery.com/product/futuristic-long-gun/"
"H7616caba527f41faafddd09ceb51ffbcw.jpg","https://watillery.com/wp-content/uploads/2026/01/H7616caba527f41faafddd09ceb51ffbcw.jpg","https://watillery.com/product/futuristic-long-gun/"
"H1903bf8cfaf940249e6f1f3d62edbd46Z.jpg","https://watillery.com/wp-content/uploads/2026/01/H1903bf8cfaf940249e6f1f3d62edbd46Z.jpg","https://watillery.com/product/futuristic-long-gun/"
"H368f3f6568494ad88e4e9b2bcb73ea9fw.jpg","https://watillery.com/wp-content/uploads/2026/01/H368f3f6568494ad88e4e9b2bcb73ea9fw.jpg","https://watillery.com/product/futuristic-long-gun/"
"Hf3648d977b434417aa8bbc8338ad59070.jpg","https://watillery.com/wp-content/uploads/2026/04/Hf3648d977b434417aa8bbc8338ad59070.jpg","https://watillery.com/product/the-flood-dragon-folding-gun/"
"Hf28df0ebbf1540019ce94e9d1ee2509aW.jpg","https://watillery.com/wp-content/uploads/2026/04/Hf28df0ebbf1540019ce94e9d1ee2509aW.jpg","https://watillery.com/product/the-flood-dragon-folding-gun/"
"He8688a275bf3456d8c004cba6a733d70w.jpg","https://watillery.com/wp-content/uploads/2026/04/He8688a275bf3456d8c004cba6a733d70w.jpg","https://watillery.com/product/the-flood-dragon-folding-gun/"
"He798ce848b994827a4c945d664972215R.jpg","https://watillery.com/wp-content/uploads/2026/04/He798ce848b994827a4c945d664972215R.jpg","https://watillery.com/product/the-flood-dragon-folding-gun/"
"He9a503c649b5409bb47a51171270a70fV.jpg","https://watillery.com/wp-content/uploads/2026/04/He9a503c649b5409bb47a51171270a70fV.jpg","https://watillery.com/product/the-flood-dragon-folding-gun/"
"Hdc9974e78a4e418aad568ff75a04c9c4c.jpg","https://watillery.com/wp-content/uploads/2026/04/Hdc9974e78a4e418aad568ff75a04c9c4c.jpg","https://watillery.com/product/the-flood-dragon-folding-gun/"
"Hc85aa2e96cb043cebb1814ab867751efC.jpg","https://watillery.com/wp-content/uploads/2026/04/Hc85aa2e96cb043cebb1814ab867751efC.jpg","https://watillery.com/product/the-flood-dragon-folding-gun/"
"Hb547817a70c24184a58538cf423df1055.jpg","https://watillery.com/wp-content/uploads/2026/04/Hb547817a70c24184a58538cf423df1055.jpg","https://watillery.com/product/the-flood-dragon-folding-gun/"
"Ha6fc555203dc460ba0d8d505800de1c2N.jpg","https://watillery.com/wp-content/uploads/2026/04/Ha6fc555203dc460ba0d8d505800de1c2N.jpg","https://watillery.com/product/the-flood-dragon-folding-gun/"
"Ha2a9b82d214b4c97b1528635edd933c38.jpg","https://watillery.com/wp-content/uploads/2026/04/Ha2a9b82d214b4c97b1528635edd933c38.jpg","https://watillery.com/product/the-flood-dragon-folding-gun/"
"H93385c8c6fcf45529bc33480c53b92abm.jpg","https://watillery.com/wp-content/uploads/2026/04/H93385c8c6fcf45529bc33480c53b92abm.jpg","https://watillery.com/product/the-flood-dragon-folding-gun/"
"H32727f9c1905451e9dc6e55b72a82e433.jpg","https://watillery.com/wp-content/uploads/2026/04/H32727f9c1905451e9dc6e55b72a82e433.jpg","https://watillery.com/product/the-flood-dragon-folding-gun/"
"H7172e897e86e4666bff8e72672d8d0caQ.jpg","https://watillery.com/wp-content/uploads/2026/04/H7172e897e86e4666bff8e72672d8d0caQ.jpg","https://watillery.com/product/the-flood-dragon-folding-gun/"
"H4033bed8c80a4851b59f7b3b772b41bb5.jpg","https://watillery.com/wp-content/uploads/2026/04/H4033bed8c80a4851b59f7b3b772b41bb5.jpg","https://watillery.com/product/the-flood-dragon-folding-gun/"
"H071c3705156248b3933b9a3fb5388734p.jpg","https://watillery.com/wp-content/uploads/2026/04/H071c3705156248b3933b9a3fb5388734p.jpg","https://watillery.com/product/the-flood-dragon-folding-gun/"
"H7f708ff2c6904a0eaf889db088becb1cC.jpg","https://watillery.com/wp-content/uploads/2026/04/H7f708ff2c6904a0eaf889db088becb1cC.jpg","https://watillery.com/product/the-flood-dragon-folding-gun/"
"H6c4b79c077264892beff0c6f353912f5O.jpg","https://watillery.com/wp-content/uploads/2026/04/H6c4b79c077264892beff0c6f353912f5O.jpg","https://watillery.com/product/the-flood-dragon-folding-gun/"
"H4b54618b05ce473283ae7c7a8e68947dO.jpg","https://watillery.com/wp-content/uploads/2026/04/H4b54618b05ce473283ae7c7a8e68947dO.jpg","https://watillery.com/product/the-flood-dragon-folding-gun/"
"H3a9b3bf4b3724b0cab166745e9754f9dH.png","https://watillery.com/wp-content/uploads/2026/01/H3a9b3bf4b3724b0cab166745e9754f9dH.png","https://watillery.com/product/tec9-electronic-water-gun/"
"Hf3214841dea541d091b19921f4b5ca54v.png","https://watillery.com/wp-content/uploads/2026/01/Hf3214841dea541d091b19921f4b5ca54v.png","https://watillery.com/product/tec9-electronic-water-gun/"
"Hf36c7fe5f3d54039a10104f944abae3eY.avif","https://watillery.com/wp-content/uploads/2026/01/Hf36c7fe5f3d54039a10104f944abae3eY.avif","https://watillery.com/product/tec9-electronic-water-gun/"
"Hf7ba75f682854277b4e0ccfc9f7c0d43i.avif","https://watillery.com/wp-content/uploads/2026/01/Hf7ba75f682854277b4e0ccfc9f7c0d43i.avif","https://watillery.com/product/tec9-electronic-water-gun/"
"Hf7ba75f682854277b4e0ccfc9f7c0d43i-1.avif","https://watillery.com/wp-content/uploads/2026/01/Hf7ba75f682854277b4e0ccfc9f7c0d43i-1.avif","https://watillery.com/product/tec9-electronic-water-gun/"
"Hf2c076e6d654483b81ad6bcd893dad99k.avif","https://watillery.com/wp-content/uploads/2026/01/Hf2c076e6d654483b81ad6bcd893dad99k.avif","https://watillery.com/product/tec9-electronic-water-gun/"
"Heec65eef978747ea9531e57e587d5e9dV.avif","https://watillery.com/wp-content/uploads/2026/01/Heec65eef978747ea9531e57e587d5e9dV.avif","https://watillery.com/product/tec9-electronic-water-gun/"
"He27bea04323445c482efbb98a130f0e6T.avif","https://watillery.com/wp-content/uploads/2026/01/He27bea04323445c482efbb98a130f0e6T.avif","https://watillery.com/product/tec9-electronic-water-gun/"
"Hbfd271f339564befb492deb4479fd794d.avif","https://watillery.com/wp-content/uploads/2026/01/Hbfd271f339564befb492deb4479fd794d.avif","https://watillery.com/product/tec9-electronic-water-gun/"
"Hb08bd9f836ed43cb8ff1089fc0be2f51r.png","https://watillery.com/wp-content/uploads/2026/01/Hb08bd9f836ed43cb8ff1089fc0be2f51r.png","https://watillery.com/product/tec9-electronic-water-gun/"
"H701537a09a2e4b7faff3be6ae8a31c87C.png","https://watillery.com/wp-content/uploads/2026/01/H701537a09a2e4b7faff3be6ae8a31c87C.png","https://watillery.com/product/tec9-electronic-water-gun/"
"H2481cba83e7549768feadaea596b02c9f.avif","https://watillery.com/wp-content/uploads/2026/01/H2481cba83e7549768feadaea596b02c9f.avif","https://watillery.com/product/tec9-electronic-water-gun/"
"H696ddcd5fe974cf7820cf7d840418b5f9.avif","https://watillery.com/wp-content/uploads/2026/01/H696ddcd5fe974cf7820cf7d840418b5f9.avif","https://watillery.com/product/tec9-electronic-water-gun/"
"H73b5f7ac136e451f8786ed5406ccd859K-1.avif","https://watillery.com/wp-content/uploads/2026/01/H73b5f7ac136e451f8786ed5406ccd859K-1.avif","https://watillery.com/product/tec9-electronic-water-gun/"
"H50eced3006004ce8a553c1411241e9fcU.png","https://watillery.com/wp-content/uploads/2026/01/H50eced3006004ce8a553c1411241e9fcU.png","https://watillery.com/product/tec9-electronic-water-gun/"
"H32e84559e1fa4bb4801e29f3dd709585Y.png","https://watillery.com/wp-content/uploads/2026/01/H32e84559e1fa4bb4801e29f3dd709585Y.png","https://watillery.com/product/tec9-electronic-water-gun/"
"H1b43fd7890654619a637df51bd7ed8dfy.avif","https://watillery.com/wp-content/uploads/2026/01/H1b43fd7890654619a637df51bd7ed8dfy.avif","https://watillery.com/product/tec9-electronic-water-gun/"
"H73b5f7ac136e451f8786ed5406ccd859K.avif","https://watillery.com/wp-content/uploads/2026/01/H73b5f7ac136e451f8786ed5406ccd859K.avif","https://watillery.com/product/tec9-electronic-water-gun/"
"H4d85e6edba004d7289384c6aa2181ad7f.jpg","https://watillery.com/wp-content/uploads/2026/04/H4d85e6edba004d7289384c6aa2181ad7f.jpg","https://watillery.com/product/handheld-superior-water-gun-with-digital-display/"
"H9ed4e6c9d0254008a99649d864a60242b.jpg","https://watillery.com/wp-content/uploads/2026/04/H9ed4e6c9d0254008a99649d864a60242b.jpg","https://watillery.com/product/handheld-superior-water-gun-with-digital-display/"
"H3812e6dcd45e47b99ad41231e322c0cf4.jpg","https://watillery.com/wp-content/uploads/2026/04/H3812e6dcd45e47b99ad41231e322c0cf4.jpg","https://watillery.com/product/handheld-superior-water-gun-with-digital-display/"
"Haf1dcef4157242fd95a5ee632a1beb03J.jpg","https://watillery.com/wp-content/uploads/2026/04/Haf1dcef4157242fd95a5ee632a1beb03J.jpg","https://watillery.com/product/handheld-superior-water-gun-with-digital-display/"
"Hafcfcfc8d8bd4d2fb52bc58946dd2ec7N-1.jpg","https://watillery.com/wp-content/uploads/2026/04/Hafcfcfc8d8bd4d2fb52bc58946dd2ec7N-1.jpg","https://watillery.com/product/handheld-superior-water-gun-with-digital-display/"
"Hba605531b2d54c168f4441f0515c1bc0i.jpg_720x720q50.jpg","https://watillery.com/wp-content/uploads/2025/09/Hba605531b2d54c168f4441f0515c1bc0i.jpg_720x720q50.jpg","https://watillery.com/product/water-leopard/"
"H531ee0feafef4742bc90b5e408c87ce7q.jpg_720x720q50.jpg","https://watillery.com/wp-content/uploads/2025/09/H531ee0feafef4742bc90b5e408c87ce7q.jpg_720x720q50.jpg","https://watillery.com/product/water-leopard/"
"H0423f1927b02427aa09ef669a89b5be4s.jpg_720x720q50.jpg","https://watillery.com/wp-content/uploads/2025/09/H0423f1927b02427aa09ef669a89b5be4s.jpg_720x720q50.jpg","https://watillery.com/product/water-leopard/"
"H8cef449d9c69441aa8ad63b1be539d74i.jpg_720x720q50.jpg","https://watillery.com/wp-content/uploads/2025/09/H8cef449d9c69441aa8ad63b1be539d74i.jpg_720x720q50.jpg","https://watillery.com/product/water-leopard/"
"H2c50ff48801740cf9af9710e9bca2e1eQ.jpg_720x720q50.jpg","https://watillery.com/wp-content/uploads/2025/09/H2c50ff48801740cf9af9710e9bca2e1eQ.jpg_720x720q50.jpg","https://watillery.com/product/water-leopard/"
"H27f81da52d4d489c97efc692a5d9cbdb7.png","https://watillery.com/wp-content/uploads/2025/09/H27f81da52d4d489c97efc692a5d9cbdb7.png","https://watillery.com/product/uzi-with-misting-feature-and-backpack-drop-line-extension-pack/"
"Hfcd68a84eeb24d59af16f46234c60946a.png","https://watillery.com/wp-content/uploads/2025/09/Hfcd68a84eeb24d59af16f46234c60946a.png","https://watillery.com/product/uzi-with-misting-feature-and-backpack-drop-line-extension-pack/"
"H77925449459b4fddab9f7463711d14faP.jpg","https://watillery.com/wp-content/uploads/2025/09/H77925449459b4fddab9f7463711d14faP.jpg","https://watillery.com/product/uzi-with-misting-feature-and-backpack-drop-line-extension-pack/"
"H9a59764eda3d428c90fdfe60db49f116h.png","https://watillery.com/wp-content/uploads/2025/09/H9a59764eda3d428c90fdfe60db49f116h.png","https://watillery.com/product/uzi-with-misting-feature-and-backpack-drop-line-extension-pack/"
"H993ff704d2df44e5ad92e280e964a6956.jpg_720x720q50.jpg","https://watillery.com/wp-content/uploads/2025/09/H993ff704d2df44e5ad92e280e964a6956.jpg_720x720q50.jpg","https://watillery.com/product/uzi-with-misting-feature-and-backpack-drop-line-extension-pack/ | https://watillery.com/product/uzi-with-misting-feature/"
"H4dc1c714d38d49c9ae5501e20ff8eabey.jpg_720x720q50.jpg","https://watillery.com/wp-content/uploads/2025/09/H4dc1c714d38d49c9ae5501e20ff8eabey.jpg_720x720q50.jpg","https://watillery.com/product/uzi-with-misting-feature-and-backpack-drop-line-extension-pack/ | https://watillery.com/product/uzi-with-misting-feature/"
"___.jpg","https://watillery.com/wp-content/uploads/2025/09/白底黑.jpg","https://watillery.com/product/uzi-with-misting-feature-and-backpack-drop-line-extension-pack/ | https://watillery.com/product/uzi-with-misting-feature/"
"H2c310781de274a7db8d4286a327cf4a5d.jpg_720x720q50.jpg","https://watillery.com/wp-content/uploads/2025/09/H2c310781de274a7db8d4286a327cf4a5d.jpg_720x720q50.jpg","https://watillery.com/product/uzi-with-misting-feature-and-backpack-drop-line-extension-pack/ | https://watillery.com/product/uzi-with-misting-feature/"
"H054e83ce8f5e4fccbc6b5a1bee384806o.jpg_720x720q50.jpg","https://watillery.com/wp-content/uploads/2025/09/H054e83ce8f5e4fccbc6b5a1bee384806o.jpg_720x720q50.jpg","https://watillery.com/product/uzi-with-misting-feature-and-backpack-drop-line-extension-pack/ | https://watillery.com/product/uzi-with-misting-feature/"
"H641ff290abba4c3cb98d5578a5881141u.jpg","https://watillery.com/wp-content/uploads/2025/09/H641ff290abba4c3cb98d5578a5881141u.jpg","https://watillery.com/product/water-leopard-gatling/"
"He07dde475d10404793539081b189ea06F.jpg","https://watillery.com/wp-content/uploads/2025/09/He07dde475d10404793539081b189ea06F.jpg","https://watillery.com/product/water-leopard-gatling/"
"He6d27e7ce106479885396a7a78714ea2H.jpg","https://watillery.com/wp-content/uploads/2025/09/He6d27e7ce106479885396a7a78714ea2H.jpg","https://watillery.com/product/water-leopard-gatling/"
"H605627dd90194547a700f7446cb5672ew.jpg","https://watillery.com/wp-content/uploads/2025/09/H605627dd90194547a700f7446cb5672ew.jpg","https://watillery.com/product/water-leopard-gatling/"
"H304e02fa5d1b42cc867a44bd94201d0f7.jpg","https://watillery.com/wp-content/uploads/2025/09/H304e02fa5d1b42cc867a44bd94201d0f7.jpg","https://watillery.com/product/water-leopard-gatling/"
"H3fcf3b75b2c342aeb76f4f8dc3f15c72A.jpg","https://watillery.com/wp-content/uploads/2025/09/H3fcf3b75b2c342aeb76f4f8dc3f15c72A.jpg","https://watillery.com/product/water-leopard-gatling/"
"H3bddab1f2efa46bab8a67c22eab69c54q.jpg","https://watillery.com/wp-content/uploads/2025/09/H3bddab1f2efa46bab8a67c22eab69c54q.jpg","https://watillery.com/product/water-leopard-gatling/"
"He39ca537a14e4e38a1acbf7383a036fan.jpg_720x720q50.jpg","https://watillery.com/wp-content/uploads/2025/09/He39ca537a14e4e38a1acbf7383a036fan.jpg_720x720q50.jpg","https://watillery.com/product/uzi-with-misting-feature/"
"He7e09993f3934978ac710f62ff9c973bk.jpg_720x720q50.jpg","https://watillery.com/wp-content/uploads/2025/09/He7e09993f3934978ac710f62ff9c973bk.jpg_720x720q50.jpg","https://watillery.com/product/uzi-with-misting-feature/"
"H977fc65465d1418e8ce78744b0cb7e083.jpg_720x720q50.avif","https://watillery.com/wp-content/uploads/2025/09/H977fc65465d1418e8ce78744b0cb7e083.jpg_720x720q50.avif","https://watillery.com/product/ump45-automatic-water-gun/"
"H5c298dc796754875b0b72dc93d44e1cbV.jpg_720x720q50.avif","https://watillery.com/wp-content/uploads/2025/09/H5c298dc796754875b0b72dc93d44e1cbV.jpg_720x720q50.avif","https://watillery.com/product/ump45-automatic-water-gun/"
"H098cdefca19c4b828c8b26677cf2a830G.jpg_720x720q50.avif","https://watillery.com/wp-content/uploads/2025/09/H098cdefca19c4b828c8b26677cf2a830G.jpg_720x720q50.avif","https://watillery.com/product/ump45-automatic-water-gun/"
"Ha572802df27c4fa3bced57eb6da2a4ce2.jpg_720x720q50.avif","https://watillery.com/wp-content/uploads/2025/09/Ha572802df27c4fa3bced57eb6da2a4ce2.jpg_720x720q50.avif","https://watillery.com/product/ump45-automatic-water-gun/"
"Hf0375cb4107b47ee82fa2154eaf683e4f.jpg_720x720q50.avif","https://watillery.com/wp-content/uploads/2025/09/Hf0375cb4107b47ee82fa2154eaf683e4f.jpg_720x720q50.avif","https://watillery.com/product/ump45-automatic-water-gun/"
"H5f7f01fcf7aa47eab6a04fb0e769706dX.jpg_720x720q50.avif","https://watillery.com/wp-content/uploads/2025/09/H5f7f01fcf7aa47eab6a04fb0e769706dX.jpg_720x720q50.avif","https://watillery.com/product/ump45-automatic-water-gun/"
"TwinHandGun-Set.jpg","https://watillery.com/wp-content/uploads/2025/09/TwinHandGun-Set.jpg","https://watillery.com/product/twin-hand-water-gun-set/"
"Had8f316445244d1bb73d0f9aa7ec836cO.jpg_720x720q50.jpg","https://watillery.com/wp-content/uploads/2025/09/Had8f316445244d1bb73d0f9aa7ec836cO.jpg_720x720q50.jpg","https://watillery.com/product/twin-hand-water-gun-set/"
"H408774ff9dc14e51a8abac323096d1e6g.jpg_720x720q50.jpg","https://watillery.com/wp-content/uploads/2025/09/H408774ff9dc14e51a8abac323096d1e6g.jpg_720x720q50.jpg","https://watillery.com/product/twin-hand-water-gun-set/"
"H336f790d55894007bde00b6896d64915p.jpg_720x720q50.jpg","https://watillery.com/wp-content/uploads/2025/09/H336f790d55894007bde00b6896d64915p.jpg_720x720q50.jpg","https://watillery.com/product/twin-hand-water-gun-set/"
"H93f06d8a099d4d7d94c5ed8f9f70e7d2y.jpg_720x720q50.jpg","https://watillery.com/wp-content/uploads/2025/09/H93f06d8a099d4d7d94c5ed8f9f70e7d2y.jpg_720x720q50.jpg","https://watillery.com/product/twin-hand-water-gun-set/"
"H32ffc8d400ef4db8a6588b9560d753acE.jpg_720x720q50.jpg","https://watillery.com/wp-content/uploads/2025/09/H32ffc8d400ef4db8a6588b9560d753acE.jpg_720x720q50.jpg","https://watillery.com/product/twin-hand-water-gun-set/"
"H1ac1bf9bfb404319bb7acde879778c290.jpg_720x720q50.jpg","https://watillery.com/wp-content/uploads/2025/09/H1ac1bf9bfb404319bb7acde879778c290.jpg_720x720q50.jpg","https://watillery.com/product/twin-hand-water-gun-set/"
"H7b2bf41281564865836d5fb714bd260fQ.jpg_720x720q50.avif","https://watillery.com/wp-content/uploads/2025/09/H7b2bf41281564865836d5fb714bd260fQ.jpg_720x720q50.avif","https://watillery.com/product/t13-viral-water-guns/"
"H2ad5e96c7d2641d29f9a2ce0c1ec5e9bn.jpg_720x720q50.avif","https://watillery.com/wp-content/uploads/2025/09/H2ad5e96c7d2641d29f9a2ce0c1ec5e9bn.jpg_720x720q50.avif","https://watillery.com/product/t13-viral-water-guns/"
"Hfa261297eaae42eea0c706152b08ae6ey.jpg_720x720q50.avif","https://watillery.com/wp-content/uploads/2025/09/Hfa261297eaae42eea0c706152b08ae6ey.jpg_720x720q50.avif","https://watillery.com/product/t13-viral-water-guns/"
"H668b9b14158940a4bfbb933fb30414b0x.avif","https://watillery.com/wp-content/uploads/2025/09/H668b9b14158940a4bfbb933fb30414b0x.avif","https://watillery.com/product/t13-viral-water-guns/"
"H378bb650e637498ab6fa05ec76290682E.jpg_720x720q50.avif","https://watillery.com/wp-content/uploads/2025/09/H378bb650e637498ab6fa05ec76290682E.jpg_720x720q50.avif","https://watillery.com/product/t13-viral-water-guns/"
"H854ab4434561416b8494645fde9132d09.jpg_720x720q50.avif","https://watillery.com/wp-content/uploads/2025/09/H854ab4434561416b8494645fde9132d09.jpg_720x720q50.avif","https://watillery.com/product/t13-viral-water-guns/"
"H317063f912bc47518e80204def35fd707.jpg_720x720q50.avif","https://watillery.com/wp-content/uploads/2025/09/H317063f912bc47518e80204def35fd707.jpg_720x720q50.avif","https://watillery.com/product/t13-viral-water-guns/"
"Smoking-Gatling-Gun.jpg","https://watillery.com/wp-content/uploads/2025/09/Smoking-Gatling-Gun.jpg","https://watillery.com/product/single-barrel-gatling-with-misting-kit/"
"H0aad01e0b69d4c0d98200c0da5404eb5u.jpg_720x720q50.jpg","https://watillery.com/wp-content/uploads/2025/09/H0aad01e0b69d4c0d98200c0da5404eb5u.jpg_720x720q50.jpg","https://watillery.com/product/single-barrel-gatling-with-misting-kit/"
"Smoking-Gatling-Gun-Details.jpg","https://watillery.com/wp-content/uploads/2025/09/Smoking-Gatling-Gun-Details.jpg","https://watillery.com/product/single-barrel-gatling-with-misting-kit/"
"Hd5096506f79e4f8c8422449f4ef4539ad.jpg_720x720q50.jpg","https://watillery.com/wp-content/uploads/2025/09/Hd5096506f79e4f8c8422449f4ef4539ad.jpg_720x720q50.jpg","https://watillery.com/product/single-barrel-gatling-with-misting-kit/"
"H842ed10de2704602a346704242bb27caw.jpg_720x720q50.jpg","https://watillery.com/wp-content/uploads/2025/09/H842ed10de2704602a346704242bb27caw.jpg_720x720q50.jpg","https://watillery.com/product/single-barrel-gatling-with-misting-kit/"
"H5ef1342b5b4c4bdfbf129ca765b777d3K.jpg_720x720q50.jpg","https://watillery.com/wp-content/uploads/2025/09/H5ef1342b5b4c4bdfbf129ca765b777d3K.jpg_720x720q50.jpg","https://watillery.com/product/single-barrel-gatling-with-misting-kit/"
"H5e7c224a58244eb7b7f06244175754f2f.jpg_720x720q50.jpg","https://watillery.com/wp-content/uploads/2025/09/H5e7c224a58244eb7b7f06244175754f2f.jpg_720x720q50.jpg","https://watillery.com/product/single-barrel-gatling-with-misting-kit/"
"H8c414237233240978bbe6f77ad292486z.jpg_720x720q50.jpg","https://watillery.com/wp-content/uploads/2025/09/H8c414237233240978bbe6f77ad292486z.jpg_720x720q50.jpg","https://watillery.com/product/shark-mkx-pulse-electric-water-gun-with-lights/"
"H390567b4d99341acaf7b7fef226e283bl.jpg_720x720q50.jpg","https://watillery.com/wp-content/uploads/2025/09/H390567b4d99341acaf7b7fef226e283bl.jpg_720x720q50.jpg","https://watillery.com/product/shark-mkx-pulse-electric-water-gun-with-lights/"
"H130ada01e7dd4941ac0131ac895099b5D.jpg","https://watillery.com/wp-content/uploads/2025/09/H130ada01e7dd4941ac0131ac895099b5D.jpg","https://watillery.com/product/shark-mkx-pulse-electric-water-gun-with-lights/"
"H0a3c4780d07e46b283987bed32a03978Q.jpg_720x720q50.jpg","https://watillery.com/wp-content/uploads/2025/09/H0a3c4780d07e46b283987bed32a03978Q.jpg_720x720q50.jpg","https://watillery.com/product/shark-mkx-pulse-electric-water-gun-with-lights/"
"Hf769f416e3094ab3b839ef40795e1638k.jpg_720x720q50.jpg","https://watillery.com/wp-content/uploads/2025/09/Hf769f416e3094ab3b839ef40795e1638k.jpg_720x720q50.jpg","https://watillery.com/product/shark-mkx-pulse-electric-water-gun-with-lights/"
"Hf6f6b27128a8485d803da7edab24d7689.jpg","https://watillery.com/wp-content/uploads/2025/09/Hf6f6b27128a8485d803da7edab24d7689.jpg","https://watillery.com/product/shark-mkx-pulse-electric-water-gun-with-lights/"
"He806fb6d865643ca9cc7194c9dfc4cbe6.jpg_720x720q50.jpg","https://watillery.com/wp-content/uploads/2025/09/He806fb6d865643ca9cc7194c9dfc4cbe6.jpg_720x720q50.jpg","https://watillery.com/product/shark-mkx-pulse-electric-water-gun-with-lights/"
"Hca6143762d6e451985ef4da6d84157d8O.jpg_720x720q50.jpg","https://watillery.com/wp-content/uploads/2025/09/Hca6143762d6e451985ef4da6d84157d8O.jpg_720x720q50.jpg","https://watillery.com/product/shark-mkx-pulse-electric-water-gun-with-lights/"
"Hbfca579c636043c796fd9aa395319d6fA.jpg_720x720q50.jpg","https://watillery.com/wp-content/uploads/2025/09/Hbfca579c636043c796fd9aa395319d6fA.jpg_720x720q50.jpg","https://watillery.com/product/shark-mkx-pulse-electric-water-gun-with-lights/"
"Hb047847d9373468f8bfbd5ada5bd1e5eP.jpg_720x720q50.jpg","https://watillery.com/wp-content/uploads/2025/09/Hb047847d9373468f8bfbd5ada5bd1e5eP.jpg_720x720q50.jpg","https://watillery.com/product/shark-mkx-pulse-electric-water-gun-with-lights/"
"Hdcdb248a0ada4b27971bb704e32565142.png_720x720q50.avif","https://watillery.com/wp-content/uploads/2025/09/Hdcdb248a0ada4b27971bb704e32565142.png_720x720q50.avif","https://watillery.com/product/ready-to-launch-water-gun/"
"H64969747c1484362a24c7e73525f54bbo.jpg_720x720q50.avif","https://watillery.com/wp-content/uploads/2025/09/H64969747c1484362a24c7e73525f54bbo.jpg_720x720q50.avif","https://watillery.com/product/ready-to-launch-water-gun/"
"H0bcb85f8d5074800b3fa858a6643d407s.jpg_720x720q50.avif","https://watillery.com/wp-content/uploads/2025/09/H0bcb85f8d5074800b3fa858a6643d407s.jpg_720x720q50.avif","https://watillery.com/product/ready-to-launch-water-gun/"
"Puissant-Electronic-Water-Gun-Blue.jpg","https://watillery.com/wp-content/uploads/2025/09/Puissant-Electronic-Water-Gun-Blue.jpg","https://watillery.com/product/ready-to-launch-water-gun/"
"Puissant-Electronic-Water-Gun-Red.jpg","https://watillery.com/wp-content/uploads/2025/09/Puissant-Electronic-Water-Gun-Red.jpg","https://watillery.com/product/ready-to-launch-water-gun/"
"H9df07df586f446a38d8549b53556d6dfQ.avif","https://watillery.com/wp-content/uploads/2025/09/H9df07df586f446a38d8549b53556d6dfQ.avif","https://watillery.com/product/ready-to-launch-water-gun/"
"H8a18754066db4625835ecfbdf64f792bV.avif","https://watillery.com/wp-content/uploads/2025/09/H8a18754066db4625835ecfbdf64f792bV.avif","https://watillery.com/product/ready-to-launch-water-gun/"
"He1bb072cb1074a3f84ec567944e0a0a20.avif","https://watillery.com/wp-content/uploads/2025/09/He1bb072cb1074a3f84ec567944e0a0a20.avif","https://watillery.com/product/ready-to-launch-water-gun/"
"Hb80edb5e33094fef834aaa0ec56d67d0v.jpg_720x720q50.avif","https://watillery.com/wp-content/uploads/2025/09/Hb80edb5e33094fef834aaa0ec56d67d0v.jpg_720x720q50.avif","https://watillery.com/product/ready-to-launch-water-gun/"
"H8567569a10704083b17ac259047886a9S.jpg_720x720q50.avif","https://watillery.com/wp-content/uploads/2025/09/H8567569a10704083b17ac259047886a9S.jpg_720x720q50.avif","https://watillery.com/product/ready-to-launch-water-gun/"
"Ha03cc2c75a1c4b53938054dc59f2bcbcy.jpg_720x720q50.avif","https://watillery.com/wp-content/uploads/2025/09/Ha03cc2c75a1c4b53938054dc59f2bcbcy.jpg_720x720q50.avif","https://watillery.com/product/ready-to-launch-water-gun/"
"Hbb06978375104f23ace1ddbc014a11022.jpg","https://watillery.com/wp-content/uploads/2025/09/Hbb06978375104f23ace1ddbc014a11022.jpg","https://watillery.com/product/mk3-assult-rifle/"
"H25380aee92384a9cb8b2055bec8ffe76G.jpg","https://watillery.com/wp-content/uploads/2025/09/H25380aee92384a9cb8b2055bec8ffe76G.jpg","https://watillery.com/product/mk3-assult-rifle/"
"Hbb72f1334e1647aea2ee4d3ade87403cm.jpg","https://watillery.com/wp-content/uploads/2025/09/Hbb72f1334e1647aea2ee4d3ade87403cm.jpg","https://watillery.com/product/mk3-assult-rifle/"
"Hcf30602a69b64bf7992810e1c17fa0a9l.jpg","https://watillery.com/wp-content/uploads/2025/09/Hcf30602a69b64bf7992810e1c17fa0a9l.jpg","https://watillery.com/product/mk3-assult-rifle/"
"He9c78c7d3e884019b3b808dfb96376a81.jpg","https://watillery.com/wp-content/uploads/2025/09/He9c78c7d3e884019b3b808dfb96376a81.jpg","https://watillery.com/product/mk3-assult-rifle/"
"H0472d453d4744242bf48c02c0ea68556T.jpg","https://watillery.com/wp-content/uploads/2025/09/H0472d453d4744242bf48c02c0ea68556T.jpg","https://watillery.com/product/mk3-assult-rifle/"
"H892ca10daa354a969a9129bff7aca1a0X.avif","https://watillery.com/wp-content/uploads/2025/09/H892ca10daa354a969a9129bff7aca1a0X.avif","https://watillery.com/product/mk3-assult-rifle/"
"woocommerce-placeholder.webp","https://watillery.com/wp-content/uploads/woocommerce-placeholder.webp","https://watillery.com/product/mk3-assult-rifle/"
"H1aef00c93cad45e483a0a6be42d22be2D-1.avif","https://watillery.com/wp-content/uploads/2025/09/H1aef00c93cad45e483a0a6be42d22be2D-1.avif","https://watillery.com/product/mini-glock-gun/"
"Hb148998710f94a3cae76415196fc947fI.avif","https://watillery.com/wp-content/uploads/2025/09/Hb148998710f94a3cae76415196fc947fI.avif","https://watillery.com/product/mini-glock-gun/"
"H1aef00c93cad45e483a0a6be42d22be2D.avif","https://watillery.com/wp-content/uploads/2025/09/H1aef00c93cad45e483a0a6be42d22be2D.avif","https://watillery.com/product/mini-glock-gun/"
"H5ec4651f2ade4074a65ff2ca839aff6eq.avif","https://watillery.com/wp-content/uploads/2025/09/H5ec4651f2ade4074a65ff2ca839aff6eq.avif","https://watillery.com/product/mini-glock-gun/"
"H4dc0cd8decc842af830e7988ddda7e8el.avif","https://watillery.com/wp-content/uploads/2025/09/H4dc0cd8decc842af830e7988ddda7e8el.avif","https://watillery.com/product/mini-glock-gun/"
"H1f1de377509a4adfb9d851e478265bb6l.jpg","https://watillery.com/wp-content/uploads/2025/09/H1f1de377509a4adfb9d851e478265bb6l.jpg","https://watillery.com/product/mini-glock-gun/"
"H98b5358906d146f584bf3756125e4e44C.jpg","https://watillery.com/wp-content/uploads/2025/09/H98b5358906d146f584bf3756125e4e44C.jpg","https://watillery.com/product/mini-glock-gun/"
"He8201fd7594048a1aaf735b375f369ffp.png","https://watillery.com/wp-content/uploads/2025/09/He8201fd7594048a1aaf735b375f369ffp.png","https://watillery.com/product/mini-glock-gun/"
"H890370adbb834a7682300b6764b84aacA.jpg","https://watillery.com/wp-content/uploads/2025/09/H890370adbb834a7682300b6764b84aacA.jpg","https://watillery.com/product/mini-glock-gun/"
"H9fa927cb68664f4ca7e5cda928fc767dj.jpg","https://watillery.com/wp-content/uploads/2025/09/H9fa927cb68664f4ca7e5cda928fc767dj.jpg","https://watillery.com/product/mini-glock-gun/"
"Gatling-Gun-with-BackPack-1.png","https://watillery.com/wp-content/uploads/2025/09/Gatling-Gun-with-BackPack-1.png","https://watillery.com/product/double-barrel-gatling-gun/"
"Hc6c1f30ad5d84c94b1a4b426a2ca5cfcR.jpg_720x720q50-1.avif","https://watillery.com/wp-content/uploads/2025/09/Hc6c1f30ad5d84c94b1a4b426a2ca5cfcR.jpg_720x720q50-1.avif","https://watillery.com/product/double-barrel-gatling-gun/"
"H9af9ebabd42c429486943b3148893337f.jpg_720x720q50-1.avif","https://watillery.com/wp-content/uploads/2025/09/H9af9ebabd42c429486943b3148893337f.jpg_720x720q50-1.avif","https://watillery.com/product/double-barrel-gatling-gun/"
"H6522621699f64640bc68b86d742edaebZ.jpg_720x720q50-1.avif","https://watillery.com/wp-content/uploads/2025/09/H6522621699f64640bc68b86d742edaebZ.jpg_720x720q50-1.avif","https://watillery.com/product/double-barrel-gatling-gun/"
"H7ea8f03a238b468088c4cd62333065d17.jpg_720x720q50-1.avif","https://watillery.com/wp-content/uploads/2025/09/H7ea8f03a238b468088c4cd62333065d17.jpg_720x720q50-1.avif","https://watillery.com/product/double-barrel-gatling-gun/"
"Hfd9b63107f38492aad9d4f1068e6a8a4d.jpg_720x720q50-1.avif","https://watillery.com/wp-content/uploads/2025/09/Hfd9b63107f38492aad9d4f1068e6a8a4d.jpg_720x720q50-1.avif","https://watillery.com/product/double-barrel-gatling-gun/"
"Hb5f9abecf84846ea996e50b65588e820s.jpg_720x720q50.avif","https://watillery.com/wp-content/uploads/2025/09/Hb5f9abecf84846ea996e50b65588e820s.jpg_720x720q50.avif","https://watillery.com/product/desert-eagle-water-handgun/"
"H156c2d97d0154c39920936b5333c037dJ.jpg_720x720q50.avif","https://watillery.com/wp-content/uploads/2025/09/H156c2d97d0154c39920936b5333c037dJ.jpg_720x720q50.avif","https://watillery.com/product/desert-eagle-water-handgun/"
"H6750548cb95f45918771e718cb0d18dbe.jpg_720x720q50.avif","https://watillery.com/wp-content/uploads/2025/09/H6750548cb95f45918771e718cb0d18dbe.jpg_720x720q50.avif","https://watillery.com/product/desert-eagle-water-handgun/"
"Handgun-with-Silencer-and-Ligths.jpeg","https://watillery.com/wp-content/uploads/2025/09/Handgun-with-Silencer-and-Ligths.jpeg","https://watillery.com/product/desert-eagle-water-handgun/"
"Handheld-Electronic-Water-Gun-with-Lightup-Silencer-Blue.jpg","https://watillery.com/wp-content/uploads/2025/09/Handheld-Electronic-Water-Gun-with-Lightup-Silencer-Blue.jpg","https://watillery.com/product/desert-eagle-water-handgun/"
"Handheld-Electronic-Water-Gun-with-Lightup-Silencer-Black.jpg","https://watillery.com/wp-content/uploads/2025/09/Handheld-Electronic-Water-Gun-with-Lightup-Silencer-Black.jpg","https://watillery.com/product/desert-eagle-water-handgun/"
"Hc59e471eb24d4c349c5b2e46607c5d5dI.avif","https://watillery.com/wp-content/uploads/2025/09/Hc59e471eb24d4c349c5b2e46607c5d5dI.avif","https://watillery.com/product/desert-eagle-water-handgun/"
"H49815192a66c4231a6c5341ed0eb837e7.jpg_720x720q50.avif","https://watillery.com/wp-content/uploads/2025/09/H49815192a66c4231a6c5341ed0eb837e7.jpg_720x720q50.avif","https://watillery.com/product/desert-eagle-water-handgun/"
"Hfdc9ef2b706a43f190709d8040298ce3A.jpg_720x720q50.avif","https://watillery.com/wp-content/uploads/2025/09/Hfdc9ef2b706a43f190709d8040298ce3A.jpg_720x720q50.avif","https://watillery.com/product/desert-eagle-water-handgun/"
"H0d2cf16b2bbe4c538bef6681ec862a67K.jpg_720x720q50.avif","https://watillery.com/wp-content/uploads/2025/09/H0d2cf16b2bbe4c538bef6681ec862a67K.jpg_720x720q50.avif","https://watillery.com/product/desert-eagle-water-handgun/"
"H04b35febae094eb0be4a7af602ed3ff36.jpg_720x720q50.avif","https://watillery.com/wp-content/uploads/2025/09/H04b35febae094eb0be4a7af602ed3ff36.jpg_720x720q50.avif","https://watillery.com/product/desert-eagle-water-handgun/"
"He72913ecfdd147bfbd95e20018f1246fR.jpg_720x720q50.avif","https://watillery.com/wp-content/uploads/2025/09/He72913ecfdd147bfbd95e20018f1246fR.jpg_720x720q50.avif","https://watillery.com/product/desert-eagle-water-handgun/"
"H8af880d026bf4a99929d5842b60e3d317.jpg_720x720q50.avif","https://watillery.com/wp-content/uploads/2025/09/H8af880d026bf4a99929d5842b60e3d317.jpg_720x720q50.avif","https://watillery.com/product/desert-eagle-water-handgun/"
"H4c6a76dcc84c4720b2f76fc0c51f56cdK.avif","https://watillery.com/wp-content/uploads/2025/09/H4c6a76dcc84c4720b2f76fc0c51f56cdK.avif","https://watillery.com/product/desert-eagle-water-handgun/"
"H786d19b95f43435b871209ec51b4b6c43.avif","https://watillery.com/wp-content/uploads/2025/09/H786d19b95f43435b871209ec51b4b6c43.avif","https://watillery.com/product/desert-eagle-water-handgun/"
"H4f7acad532994eabbc0e3a9c4b5b7ba52.jpg_720x720q50.avif","https://watillery.com/wp-content/uploads/2025/09/H4f7acad532994eabbc0e3a9c4b5b7ba52.jpg_720x720q50.avif","https://watillery.com/product/desert-eagle-water-handgun/"
"H926364fb822f45b9990a2db88c4931549.jpg_720x720q50.avif","https://watillery.com/wp-content/uploads/2025/09/H926364fb822f45b9990a2db88c4931549.jpg_720x720q50.avif","https://watillery.com/product/desert-eagle-water-handgun/"
"H2c402480dbaf406fb941772627ff0fad5.jpg","https://watillery.com/wp-content/uploads/2026/04/H2c402480dbaf406fb941772627ff0fad5.jpg","https://watillery.com/product/6-wheeled-mars-discover-rover-gel-pellet-shooting-version/"
"H2da1b7a7eaf24ed9a574d73a6eac1688X.avif","https://watillery.com/wp-content/uploads/2026/04/H2da1b7a7eaf24ed9a574d73a6eac1688X.avif","https://watillery.com/product/6-wheeled-mars-discover-rover-gel-pellet-shooting-version/"
"H4ae3d1812381479b83afcf2ee4bb0644E.jpg","https://watillery.com/wp-content/uploads/2026/04/H4ae3d1812381479b83afcf2ee4bb0644E.jpg","https://watillery.com/product/6-wheeled-mars-discover-rover-gel-pellet-shooting-version/"
"H5f03cb2b834e410b9f0d981b201cfce9M.avif","https://watillery.com/wp-content/uploads/2026/04/H5f03cb2b834e410b9f0d981b201cfce9M.avif","https://watillery.com/product/6-wheeled-mars-discover-rover-gel-pellet-shooting-version/"
"H5f8d64b07fa645f49a329602530b33a5Y.avif","https://watillery.com/wp-content/uploads/2026/04/H5f8d64b07fa645f49a329602530b33a5Y.avif","https://watillery.com/product/6-wheeled-mars-discover-rover-gel-pellet-shooting-version/"
"H5fdb22734fca49eaa228e681ab95e7e0L.avif","https://watillery.com/wp-content/uploads/2026/04/H5fdb22734fca49eaa228e681ab95e7e0L.avif","https://watillery.com/product/6-wheeled-mars-discover-rover-gel-pellet-shooting-version/"
"H9ce465a8f0a24ad0ac1869f68f6b6ceeC-1.jpg","https://watillery.com/wp-content/uploads/2026/04/H9ce465a8f0a24ad0ac1869f68f6b6ceeC-1.jpg","https://watillery.com/product/6-wheeled-mars-discover-rover-gel-pellet-shooting-version/"
"H10e847212b6b4ba2b0cfc59e6e630e5dK.jpg","https://watillery.com/wp-content/uploads/2026/04/H10e847212b6b4ba2b0cfc59e6e630e5dK.jpg","https://watillery.com/product/6-wheeled-mars-discover-rover-gel-pellet-shooting-version/"
"H19fe32de09d749508f2cfb8ba1aaefb1H.avif","https://watillery.com/wp-content/uploads/2026/04/H19fe32de09d749508f2cfb8ba1aaefb1H.avif","https://watillery.com/product/6-wheeled-mars-discover-rover-gel-pellet-shooting-version/"
"H55f2f31fe7ac45d8bb04bea85574c2b9M.avif","https://watillery.com/wp-content/uploads/2026/04/H55f2f31fe7ac45d8bb04bea85574c2b9M.avif","https://watillery.com/product/6-wheeled-mars-discover-rover-gel-pellet-shooting-version/"
"H0056a275e87d4b48a73b7e101e347a42t.avif","https://watillery.com/wp-content/uploads/2026/04/H0056a275e87d4b48a73b7e101e347a42t.avif","https://watillery.com/product/6-wheeled-mars-discover-rover-gel-pellet-shooting-version/"
"H81b3aef7f6d9427998ab92413d0b3aabT.jpg","https://watillery.com/wp-content/uploads/2026/04/H81b3aef7f6d9427998ab92413d0b3aabT.jpg","https://watillery.com/product/6-wheeled-mars-discover-rover-gel-pellet-shooting-version/"
"H474c9fdb3c8745b48f2c20567cca26ceD.avif","https://watillery.com/wp-content/uploads/2026/04/H474c9fdb3c8745b48f2c20567cca26ceD.avif","https://watillery.com/product/6-wheeled-mars-discover-rover-gel-pellet-shooting-version/"
"H635c3ff9ea6144ae8d77902a976f289a6.jpg","https://watillery.com/wp-content/uploads/2026/04/H635c3ff9ea6144ae8d77902a976f289a6.jpg","https://watillery.com/product/6-wheeled-mars-discover-rover-gel-pellet-shooting-version/"
"H1171db26727e4536bae78875b6961f28l.avif","https://watillery.com/wp-content/uploads/2026/04/H1171db26727e4536bae78875b6961f28l.avif","https://watillery.com/product/6-wheeled-mars-discover-rover-gel-pellet-shooting-version/"
"H2387f2eaee444e649827bb4c3367bd41m.avif","https://watillery.com/wp-content/uploads/2026/04/H2387f2eaee444e649827bb4c3367bd41m.avif","https://watillery.com/product/6-wheeled-mars-discover-rover-gel-pellet-shooting-version/"
"H44838827fcd24b0c818c53abd83841583.jpg","https://watillery.com/wp-content/uploads/2026/04/H44838827fcd24b0c818c53abd83841583.jpg","https://watillery.com/product/6-wheeled-mars-discover-rover-gel-pellet-shooting-version/"
"Ha4e4e2e9abef4116b1970e694fe65c2d7.avif","https://watillery.com/wp-content/uploads/2026/04/Ha4e4e2e9abef4116b1970e694fe65c2d7.avif","https://watillery.com/product/6-wheeled-mars-discover-rover-gel-pellet-shooting-version/"
"Ha6fde698b2fa40e0a4e0a84f7a9963ebq.avif","https://watillery.com/wp-content/uploads/2026/04/Ha6fde698b2fa40e0a4e0a84f7a9963ebq.avif","https://watillery.com/product/6-wheeled-mars-discover-rover-gel-pellet-shooting-version/"
"Haa8ec4ee9bb74d6d95d761b20bbc4d92c.avif","https://watillery.com/wp-content/uploads/2026/04/Haa8ec4ee9bb74d6d95d761b20bbc4d92c.avif","https://watillery.com/product/6-wheeled-mars-discover-rover-gel-pellet-shooting-version/"
"Haa124e916cd040bd8c536eb99f68f9efQ.avif","https://watillery.com/wp-content/uploads/2026/04/Haa124e916cd040bd8c536eb99f68f9efQ.avif","https://watillery.com/product/6-wheeled-mars-discover-rover-gel-pellet-shooting-version/"
"Hb7dd579d225447419e4068d7b953224el.avif","https://watillery.com/wp-content/uploads/2026/04/Hb7dd579d225447419e4068d7b953224el.avif","https://watillery.com/product/6-wheeled-mars-discover-rover-gel-pellet-shooting-version/"
"Hb59eb507e8f14c1bbfe47b73a3de2884Y.avif","https://watillery.com/wp-content/uploads/2026/04/Hb59eb507e8f14c1bbfe47b73a3de2884Y.avif","https://watillery.com/product/6-wheeled-mars-discover-rover-gel-pellet-shooting-version/"
"Hb56511ec579848719d9ae88ddf5744a1D.jpg","https://watillery.com/wp-content/uploads/2026/04/Hb56511ec579848719d9ae88ddf5744a1D.jpg","https://watillery.com/product/6-wheeled-mars-discover-rover-gel-pellet-shooting-version/"
"Hca954c9bbfee457588fcc1fa225b78cfm.avif","https://watillery.com/wp-content/uploads/2026/04/Hca954c9bbfee457588fcc1fa225b78cfm.avif","https://watillery.com/product/6-wheeled-mars-discover-rover-gel-pellet-shooting-version/"
"Hce459ad161fb4cd7bb678d486e3b137e0.avif","https://watillery.com/wp-content/uploads/2026/04/Hce459ad161fb4cd7bb678d486e3b137e0.avif","https://watillery.com/product/6-wheeled-mars-discover-rover-gel-pellet-shooting-version/"
"Hebcc7642e97c41f6b1ebb2b07a78e418K.avif","https://watillery.com/wp-content/uploads/2026/04/Hebcc7642e97c41f6b1ebb2b07a78e418K.avif","https://watillery.com/product/6-wheeled-mars-discover-rover-gel-pellet-shooting-version/"
"Hf4465e99e48f4af8a3a60b30f60b912cI.avif","https://watillery.com/wp-content/uploads/2026/04/Hf4465e99e48f4af8a3a60b30f60b912cI.avif","https://watillery.com/product/6-wheeled-mars-discover-rover-gel-pellet-shooting-version/"