"file","folder","slug","status"
"H071c3705156248b3933b9a3fb5388734p.jpg","flood_dragon","the-flood-dragon-folding-gun","matched"
"H0e5a452528454e519a4bdecbd569da03D.jpg_720x720q50.jpg","all_terrain_gel_pellet_sentry_turret","all-terrain-gel-pellet-shooting-tank","matched"
"H10e847212b6b4ba2b0cfc59e6e630e5dK.jpg","motion_tracking_racing_game","6-wheeled-mars-discover-rover-gel-pellet-shooting-version","matched"
"H130ada01e7dd4941ac0131ac895099b5D.jpg","led_pulse","shark-mkx-pulse-electric-water-gun-with-lights","matched"
"H16809c7fa2f74ec49ff678be77eebab8R.jpg","futuristic_all_in_one_soaker","futuristic-long-gun","matched"
"H177043e8476a407cb83f301dc4a02ee3v.jpg_720x720q50.jpg","motion_tracking_racing_game","motion-running-toy","matched"
"H1903bf8cfaf940249e6f1f3d62edbd46Z.jpg","futuristic_all_in_one_soaker","futuristic-long-gun","matched"
"H1a97e764b3c94634ae3f317d3fff101di-1.jpg","superior","p90-elite-high-powered-water-gun-with-built-in-dropline","matched"
"H1a97e764b3c94634ae3f317d3fff101di.jpg","superior","p90-elite-high-powered-water-gun-with-built-in-dropline","matched"
"H224a8a47cc45413d93e248d47fbc4a66u.jpg","water_leopard_2.0","water-leopard-next-gen","matched"
"H25380aee92384a9cb8b2055bec8ffe76G.jpg","mk3","mk3-assult-rifle","matched"
"H2c402480dbaf406fb941772627ff0fad5.jpg","motion_tracking_racing_game","6-wheeled-mars-discover-rover-gel-pellet-shooting-version","matched"
"H304e02fa5d1b42cc867a44bd94201d0f7.jpg","water_leopard_gatling","water-leopard-gatling","matched"
"H336f790d55894007bde00b6896d64915p.jpg_720x720q50.jpg","twin_kit","twin-hand-water-gun-set","matched"
"H34006c4ea28f4b6aa48f3c686054779ct.jpg","m416","m416-automatic-water-gun","matched"
"H368f3f6568494ad88e4e9b2bcb73ea9fw.jpg","futuristic_all_in_one_soaker","futuristic-long-gun","matched"
"H36f3911ce85d49419c80c3127e285967s.png","double_bubble","water-bubble-combo-gun","matched"
"H40ec1b63517c426aa514f419118247cdq.jpg","water_leopard_2.0","water-leopard-next-gen","matched"
"H421ca527beb24628a24fd580bcb54977d.jpg","double_bubble","water-bubble-combo-gun","matched"
"H44838827fcd24b0c818c53abd83841583.jpg","motion_tracking_racing_game","6-wheeled-mars-discover-rover-gel-pellet-shooting-version","matched"
"H47ef1aea7ee84336b53fe6e4bf8c2aa3d.png","m416","m416-automatic-water-gun","matched"
"H4ae3d1812381479b83afcf2ee4bb0644E.jpg","motion_tracking_racing_game","6-wheeled-mars-discover-rover-gel-pellet-shooting-version","matched"
"H4b9c700b94044454ac142598f97b6762x-1.jpg","superior","p90-elite-high-powered-water-gun-with-built-in-dropline","matched"
"H50810e840aa843d3ab45dd679bca4c45U.jpg","water_leopard_2.0","water-leopard-next-gen","matched"
"H635c3ff9ea6144ae8d77902a976f289a6.jpg","motion_tracking_racing_game","6-wheeled-mars-discover-rover-gel-pellet-shooting-version","matched"
"H6b0fad170b3947f381d64eb50b6bd7fas.jpg","glock","gel-pellet-shooting-glock","matched"
"H7616caba527f41faafddd09ceb51ffbcw.jpg","futuristic_all_in_one_soaker","futuristic-long-gun","matched"
"H81b3aef7f6d9427998ab92413d0b3aabT.jpg","motion_tracking_racing_game","6-wheeled-mars-discover-rover-gel-pellet-shooting-version","matched"
"H86e6433b394e4b429b9558ad01efc59ar.jpg_720x720q50.jpg","motion_tracking_racing_game","motion-running-toy","matched"
"H92a88d9872e949109428293069b29899L.png","double_bubble","water-bubble-combo-gun","matched"
"H9ce465a8f0a24ad0ac1869f68f6b6ceeC-1.jpg","motion_tracking_racing_game","6-wheeled-mars-discover-rover-gel-pellet-shooting-version","matched"
"H9ce465a8f0a24ad0ac1869f68f6b6ceeC.jpg","motion_tracking_racing_game","6-wheeled-mars-discover-rover-gel-pellet-shooting-version","matched"
"Ha2034e7b5a1b427eb07775f466657e262.png","water_leopard_2.0","water-leopard-next-gen","matched"
"Ha3136af46c5d4f6d928dc6300f22786dx.jpg","superior","p90-elite-high-powered-water-gun-with-built-in-dropline","matched"
"Ha94465cf688c4851b3b4d6f9de18a771L.jpg","water_leopard_2.0","water-leopard-next-gen","matched"
"Ha9fa550a3e0a4c419c4faeb8f0cae8ffW.jpg","water_leopard_2.0","water-leopard-next-gen","matched"
"Handgun-with-Silencer-and-Ligths.jpeg","desert_eagle","desert-eagle-water-handgun","matched"
"Handheld-Electronic-Water-Gun-with-Lightup-Silencer-Black.jpg","desert_eagle","desert-eagle-water-handgun","matched"
"Handheld-Electronic-Water-Gun-with-Lightup-Silencer-Blue.jpg","desert_eagle","desert-eagle-water-handgun","matched"
"Hb4e9a44a4da5488d883bf0f947ec0d55g.jpg","glock","gel-pellet-shooting-glock","matched"
"Hb50b1a0cb75047c8adc8c4c05f34c9eeJ.jpg","glock","gel-pellet-shooting-glock","matched"
"Hb56511ec579848719d9ae88ddf5744a1D.jpg","motion_tracking_racing_game","6-wheeled-mars-discover-rover-gel-pellet-shooting-version","matched"
"Hba1139432fa647c4a40599f40a7b4016s.jpg","mecca_classic","s56-elite-handgun","matched"
"Hbb72f1334e1647aea2ee4d3ade87403cm.jpg","mk3","mk3-assult-rifle","matched"
"Hbf33acf936204941b9e6c5359633ba93K.jpg","double_bubble","water-bubble-combo-gun","matched"
"Hc1b41a4f61284d0b8be756fd4953ec105.jpg","glock","gel-pellet-shooting-glock","matched"
"Hc74d88e88bc04a419e1a2ec3b2de53c1s.jpg","superior","p90-elite-high-powered-water-gun-with-built-in-dropline","matched"
"Hc86c2555aa894a618909e25a0f3b974eZ.jpg","futuristic_all_in_one_soaker","futuristic-long-gun","matched"
"Hcada488db5b547038d354ef045eefac0v.jpg","glock","gel-pellet-shooting-glock","matched"
"Hce7bedb1013f4d7cab971389c5336f46U.jpg","misting_sword","interstellar-blazing-sword","matched"
"Hcf30602a69b64bf7992810e1c17fa0a9l.jpg","mk3","mk3-assult-rifle","matched"
"Hd1f01cd3dc47418e961049ca58c8afe0O.jpg","m416","m416-automatic-water-gun","matched"
"Hd87c7f8fc1184b519185b8b4985ef979b.jpg","futuristic_all_in_one_soaker","futuristic-long-gun","matched"
"Hde55869a76984b00a1c3a0187640d1d36.jpg","mecca_classic","s56-elite-handgun","matched"
"Hde8dc2bf95e54c29b4f2aead921a6f38a.jpg","futuristic_all_in_one_soaker","futuristic-long-gun","matched"
"Hdecf44894157497184d2d40f6b98f9acZ.jpg","m416","m416-automatic-water-gun","matched"
"Hdee6fa31cc1647ef8e3abed989dcdf67f.jpg","misting_sword","interstellar-blazing-sword","matched"
"He07dde475d10404793539081b189ea06F.jpg","water_leopard_gatling","water-leopard-gatling","matched"
"He232cb0520164b5ca94b2827c25abb27T.jpg","superior","p90-elite-high-powered-water-gun-with-built-in-dropline","matched"
"He5b4676b6f0a492a8247fea72d8450656.jpg","double_bubble","water-bubble-combo-gun","matched"
"He6e4f811fece471395fc9d7e90b2e859u.jpg","double_bubble","water-bubble-combo-gun","matched"
"He798ce848b994827a4c945d664972215R.jpg","flood_dragon","the-flood-dragon-folding-gun","matched"
"He7a6402bac544eb5b9a28dd49f3d2cf9m.jpg","misting_sword","interstellar-blazing-sword","matched"
"He806fb6d865643ca9cc7194c9dfc4cbe6.jpg_720x720q50.jpg","led_pulse","shark-mkx-pulse-electric-water-gun-with-lights","matched"
"He8688a275bf3456d8c004cba6a733d70w.jpg","flood_dragon","the-flood-dragon-folding-gun","matched"
"He9155ca1a8744944ad17cdb080e7d733u.jpg","glock","gel-pellet-shooting-glock","matched"
"He9c78c7d3e884019b3b808dfb96376a81.jpg","mk3","mk3-assult-rifle","matched"
"Hea1f9d56538349f397edba4d2553351fs.jpg_720x720q50.jpg","all_terrain_gel_pellet_sentry_turret","all-terrain-gel-pellet-shooting-tank","matched"
"Hf3214841dea541d091b19921f4b5ca54v.png","tec9","tec9-electronic-water-gun","matched"
"Hf6f6b27128a8485d803da7edab24d7689.jpg","led_pulse","shark-mkx-pulse-electric-water-gun-with-lights","matched"
"Hf7dd8f8b26ec45f6a07979bbc5296933B.jpg","mecca_classic","s56-elite-handgun","matched"
"Hfc0d06ca0e67449cbf0357ac5d8350d6Z-1.png","futuristic_all_in_one_soaker","futuristic-long-gun","matched"
"Hfc10db94307a4ecc9e1884ee23666704y.jpg_720x720q50.jpg","all_terrain_gel_pellet_sentry_turret","all-terrain-gel-pellet-shooting-tank","matched"
"Smoking-Gatling-Gun-Details.jpg","gatling","single-barrel-gatling-with-misting-kit","matched"